"ENSEMBL","SYMBOL","log2FoldChange","padj","Direction","Is_DEG","Is_ChIPseq","Is_ncRNA_target","Is_GWAS_gene","Evidence_Count"
"ENSG00000118113","MMP8",4.54580749338439,0.00793212463113297,"Upregulated",TRUE,TRUE,TRUE,FALSE,3
"ENSG00000162594","IL23R",-2.33070147028881,0.000328223128453971,"Downregulated",TRUE,TRUE,TRUE,FALSE,3
"ENSG00000090659","CD209",-2.2412901508412,0.00152897114323558,"Downregulated",TRUE,TRUE,TRUE,FALSE,3
"ENSG00000148296","SURF6",-0.665537105841509,0.00233536741683764,"Downregulated",TRUE,TRUE,FALSE,TRUE,3
"ENSG00000148297","MED22",-0.572291818259986,0.00988503735731463,"Downregulated",TRUE,TRUE,FALSE,TRUE,3
"ENSG00000087116","ADAMTS2",7.68177791695878,2.73143433337435e-05,"Upregulated",TRUE,TRUE,FALSE,FALSE,2
"ENSG00000170439","TMT1B",6.2429809275297,0.000116121320070494,"Upregulated",TRUE,TRUE,FALSE,FALSE,2
"ENSG00000115884","SDC1",5.88161472588437,1.27201672287792e-17,"Upregulated",TRUE,TRUE,FALSE,FALSE,2
"ENSG00000078114","NEBL",5.6145307171014,0.000947088954570803,"Upregulated",TRUE,TRUE,FALSE,FALSE,2
"ENSG00000137869","CYP19A1",5.58355022268243,0.00382877080879965,"Upregulated",TRUE,TRUE,FALSE,FALSE,2
"ENSG00000258334","TROAP-AS1",5.29927777061663,0.000405140247604004,"Upregulated",TRUE,TRUE,FALSE,FALSE,2
"ENSG00000267659","LINC01482",5.27394107569898,0.000173093630051152,"Upregulated",TRUE,TRUE,FALSE,FALSE,2
"ENSG00000154277","UCHL1",5.26146737683485,7.94576096291246e-08,"Upregulated",TRUE,TRUE,FALSE,FALSE,2
"ENSG00000101197","BIRC7",-5.21160224108219,0.00372707087021074,"Downregulated",TRUE,TRUE,FALSE,FALSE,2
"ENSG00000129538","RNASE1",5.18522277157718,1.48704859375135e-08,"Upregulated",TRUE,TRUE,FALSE,FALSE,2
"ENSG00000187323","DCC",4.79435535376055,0.00122227634030626,"Upregulated",TRUE,TRUE,FALSE,FALSE,2
"ENSG00000153093","ACOXL",4.74433997988299,1.89380957829557e-05,"Upregulated",TRUE,TRUE,FALSE,FALSE,2
"ENSG00000017427","IGF1",4.74368382881437,0.000241097536833158,"Upregulated",TRUE,TRUE,FALSE,FALSE,2
"ENSG00000152760","DYNLT5",4.71962353964953,0.00046778085248907,"Upregulated",TRUE,TRUE,FALSE,FALSE,2
"ENSG00000186417","GLDN",4.63081576221883,0.00504214991639941,"Upregulated",TRUE,TRUE,FALSE,FALSE,2
"ENSG00000106341","PPP1R17",-4.48761820104514,5.44519121876619e-07,"Downregulated",TRUE,TRUE,FALSE,FALSE,2
"ENSG00000168078","PBK",4.43371417406731,1.67601482607845e-07,"Upregulated",TRUE,TRUE,FALSE,FALSE,2
"ENSG00000156509","FBXO43",4.31942524924559,0.00190241312644054,"Upregulated",TRUE,TRUE,FALSE,FALSE,2
"ENSG00000132170","PPARG",4.24463724092209,1.21434835490072e-06,"Upregulated",TRUE,TRUE,FALSE,FALSE,2
"ENSG00000159307","SCUBE1",4.10177140076239,0.00229359315560425,"Upregulated",TRUE,TRUE,FALSE,FALSE,2
"ENSG00000198216","CACNA1E",4.09359868121484,0.00382877080879965,"Upregulated",TRUE,TRUE,FALSE,FALSE,2
"ENSG00000171848","RRM2",3.9753015367134,1.46709355865891e-18,"Upregulated",TRUE,TRUE,FALSE,FALSE,2
"ENSG00000138180","CEP55",3.96938889860086,1.60408373620753e-11,"Upregulated",TRUE,TRUE,FALSE,FALSE,2
"ENSG00000109794","FAM149A",3.88671253734901,0.00538913784793738,"Upregulated",TRUE,TRUE,FALSE,FALSE,2
"ENSG00000126787","DLGAP5",3.87227109246516,2.15848222127689e-09,"Upregulated",TRUE,TRUE,FALSE,FALSE,2
"ENSG00000162627","SNX7",3.83844344528288,0.00456592822019497,"Upregulated",TRUE,TRUE,FALSE,FALSE,2
"ENSG00000139734","DIAPH3",3.82155613921717,1.72586248131406e-05,"Upregulated",TRUE,TRUE,FALSE,FALSE,2
"ENSG00000166851","PLK1",3.80014355007275,6.48026747335754e-16,"Upregulated",TRUE,TRUE,FALSE,FALSE,2
"ENSG00000259426","KIF23-AS1",3.69244958712044,0.00718356796199058,"Upregulated",TRUE,TRUE,FALSE,FALSE,2
"ENSG00000159189","C1QC",3.66828169194286,1.22348122204084e-07,"Upregulated",TRUE,TRUE,FALSE,FALSE,2
"ENSG00000170312","CDK1",3.64493318763471,5.63656329382382e-10,"Upregulated",TRUE,TRUE,FALSE,FALSE,2
"ENSG00000108950","FAM20A",3.64319044790764,1.15225218677218e-05,"Upregulated",TRUE,TRUE,FALSE,FALSE,2
"ENSG00000071539","TRIP13",3.63360880143461,2.3926272673168e-11,"Upregulated",TRUE,TRUE,FALSE,FALSE,2
"ENSG00000135451","TROAP",3.53501202580394,1.84484870677737e-10,"Upregulated",TRUE,TRUE,FALSE,FALSE,2
"ENSG00000132465","JCHAIN",3.50988693457333,7.16458679483478e-06,"Upregulated",TRUE,TRUE,FALSE,FALSE,2
"ENSG00000157152","SYN2",3.50211215585204,0.00243170808614056,"Upregulated",TRUE,TRUE,FALSE,FALSE,2
"ENSG00000143476","DTL",3.4974679544472,1.78100974934886e-16,"Upregulated",TRUE,TRUE,FALSE,FALSE,2
"ENSG00000072571","HMMR",3.48644405718865,9.01064006948263e-10,"Upregulated",TRUE,TRUE,FALSE,FALSE,2
"ENSG00000144290","SLC4A10",-3.47995349979263,1.45226690337367e-10,"Downregulated",TRUE,TRUE,FALSE,FALSE,2
"ENSG00000171241","SHCBP1",3.47305877313101,2.54571665896367e-16,"Upregulated",TRUE,TRUE,FALSE,FALSE,2
"ENSG00000101057","MYBL2",3.44594965346283,1.02613000708711e-09,"Upregulated",TRUE,TRUE,FALSE,FALSE,2
"ENSG00000174371","EXO1",3.43434015043985,3.57389342832767e-09,"Upregulated",TRUE,TRUE,FALSE,FALSE,2
"ENSG00000143603","KCNN3",3.42388039211585,2.35409502445528e-08,"Upregulated",TRUE,TRUE,FALSE,FALSE,2
"ENSG00000184661","CDCA2",3.41191533681054,1.31542536038254e-07,"Upregulated",TRUE,TRUE,FALSE,FALSE,2
"ENSG00000158089","GALNT14",3.40996145304627,1.3570784799212e-06,"Upregulated",TRUE,TRUE,FALSE,FALSE,2
"ENSG00000131747","TOP2A",3.40582669458104,3.28189551531537e-12,"Upregulated",TRUE,TRUE,FALSE,FALSE,2
"ENSG00000167900","TK1",3.39228308220802,1.51071787837778e-16,"Upregulated",TRUE,TRUE,FALSE,FALSE,2
"ENSG00000169607","CKAP2L",3.38884908627404,1.33977592050774e-06,"Upregulated",TRUE,TRUE,FALSE,FALSE,2
"ENSG00000115155","OTOF",3.33899561146722,0.00804373639198852,"Upregulated",TRUE,TRUE,FALSE,FALSE,2
"ENSG00000164045","CDC25A",3.32314674395519,8.41976473461613e-08,"Upregulated",TRUE,TRUE,FALSE,FALSE,2
"ENSG00000106853","PTGR1",3.31371400548993,1.56993034459389e-06,"Upregulated",TRUE,TRUE,FALSE,FALSE,2
"ENSG00000173369","C1QB",3.28507272673685,4.60752257027594e-09,"Upregulated",TRUE,TRUE,FALSE,FALSE,2
"ENSG00000092853","CLSPN",3.25952874598996,4.30270524207316e-11,"Upregulated",TRUE,TRUE,FALSE,FALSE,2
"ENSG00000183691","NOG",-3.25922475391059,5.39218641717592e-05,"Downregulated",TRUE,TRUE,FALSE,FALSE,2
"ENSG00000065328","MCM10",3.25668258733338,2.06538081037176e-08,"Upregulated",TRUE,TRUE,FALSE,FALSE,2
"ENSG00000178445","GLDC",3.24750628032449,0.0017019717784138,"Upregulated",TRUE,TRUE,FALSE,FALSE,2
"ENSG00000151364","KCTD14",3.23461130392699,0.00643812836161919,"Upregulated",TRUE,TRUE,FALSE,FALSE,2
"ENSG00000134531","EMP1",3.23262585899215,2.85661164901629e-18,"Upregulated",TRUE,TRUE,FALSE,FALSE,2
"ENSG00000154839","SKA1",3.20188932570332,7.79250086865779e-08,"Upregulated",TRUE,TRUE,FALSE,FALSE,2
"ENSG00000101187","SLCO4A1",3.17638994956579,8.05629320464516e-08,"Upregulated",TRUE,TRUE,FALSE,FALSE,2
"ENSG00000118193","KIF14",3.12885155976369,7.62072913051468e-07,"Upregulated",TRUE,TRUE,FALSE,FALSE,2
"ENSG00000276043","UHRF1",3.11493272228889,1.78916872922104e-12,"Upregulated",TRUE,TRUE,FALSE,FALSE,2
"ENSG00000105974","CAV1",3.10591602827644,8.8202285892882e-05,"Upregulated",TRUE,TRUE,FALSE,FALSE,2
"ENSG00000136160","EDNRB",3.1030338050825,0.00603985994752773,"Upregulated",TRUE,TRUE,FALSE,FALSE,2
"ENSG00000176890","TYMS",3.07917418799387,5.56563337309083e-11,"Upregulated",TRUE,TRUE,FALSE,FALSE,2
"ENSG00000237649","KIFC1",3.0642491653379,7.28219234910233e-15,"Upregulated",TRUE,TRUE,FALSE,FALSE,2
"ENSG00000123485","HJURP",3.05749945292819,4.01899094782737e-10,"Upregulated",TRUE,TRUE,FALSE,FALSE,2
"ENSG00000148773","MKI67",3.04550902961095,2.54571665896367e-16,"Upregulated",TRUE,TRUE,FALSE,FALSE,2
"ENSG00000094804","CDC6",3.00182623493708,2.31351910381983e-08,"Upregulated",TRUE,TRUE,FALSE,FALSE,2
"ENSG00000146670","CDCA5",2.99324249317913,9.97706813275709e-08,"Upregulated",TRUE,TRUE,FALSE,FALSE,2
"ENSG00000121933","TMIGD3",2.9495077514828,0.0063873348747016,"Upregulated",TRUE,TRUE,FALSE,FALSE,2
"ENSG00000165304","MELK",2.94486091307513,1.31542536038254e-07,"Upregulated",TRUE,TRUE,FALSE,FALSE,2
"ENSG00000075218","GTSE1",2.92816843554265,3.54190424087493e-07,"Upregulated",TRUE,TRUE,FALSE,FALSE,2
"ENSG00000035499","DEPDC1B",2.9192414252784,3.77131273624258e-06,"Upregulated",TRUE,TRUE,FALSE,FALSE,2
"ENSG00000105976","MET",2.89531501336738,0.00150183113796141,"Upregulated",TRUE,TRUE,FALSE,FALSE,2
"ENSG00000120885","CLU",2.86872224985812,0.0011583275238117,"Upregulated",TRUE,TRUE,FALSE,FALSE,2
"ENSG00000079215","SLC1A3",2.84276886032584,0.000618680875493633,"Upregulated",TRUE,TRUE,FALSE,FALSE,2
"ENSG00000080031","PTPRH",2.8018776867977,0.00209956506559734,"Upregulated",TRUE,TRUE,FALSE,FALSE,2
"ENSG00000011426","ANLN",2.78508369666033,3.57850848794239e-06,"Upregulated",TRUE,TRUE,FALSE,FALSE,2
"ENSG00000105048","TNNT1",2.77443938770422,0.00945401698094581,"Upregulated",TRUE,TRUE,FALSE,FALSE,2
"ENSG00000112984","KIF20A",2.76490766013434,1.67601482607845e-07,"Upregulated",TRUE,TRUE,FALSE,FALSE,2
"ENSG00000213949","ITGA1",2.73344469005047,4.46125807367399e-06,"Upregulated",TRUE,TRUE,FALSE,FALSE,2
"ENSG00000051341","POLQ",2.73178020863263,4.83464572671553e-09,"Upregulated",TRUE,TRUE,FALSE,FALSE,2
"ENSG00000177182","CLVS1",2.64477530104975,0.00917925763319569,"Upregulated",TRUE,TRUE,FALSE,FALSE,2
"ENSG00000135476","ESPL1",2.61577935251754,1.41629035481159e-09,"Upregulated",TRUE,TRUE,FALSE,FALSE,2
"ENSG00000186081","KRT5",-2.60280335689769,0.00890827417082399,"Downregulated",TRUE,TRUE,FALSE,FALSE,2
"ENSG00000165891","E2F7",2.59920503375087,0.0080881725065981,"Upregulated",TRUE,TRUE,FALSE,FALSE,2
"ENSG00000173114","LRRN3",-2.57432387743028,0.00933915013241618,"Downregulated",TRUE,TRUE,FALSE,FALSE,2
"ENSG00000179750","APOBEC3B",2.56323204086496,2.41088362239395e-07,"Upregulated",TRUE,TRUE,FALSE,FALSE,2
"ENSG00000157445","CACNA2D3",-2.55038289503328,4.10936188132995e-14,"Downregulated",TRUE,TRUE,FALSE,FALSE,2
"ENSG00000178726","THBD",2.52778122030542,5.36398920927743e-13,"Upregulated",TRUE,TRUE,FALSE,FALSE,2
"ENSG00000136010","ALDH1L2",2.51456423658587,6.3548702887112e-05,"Upregulated",TRUE,TRUE,FALSE,FALSE,2
"ENSG00000117724","CENPF",2.47660290652377,7.40861318596808e-08,"Upregulated",TRUE,TRUE,FALSE,FALSE,2
"ENSG00000085999","RAD54L",2.46318075595786,6.7622864562727e-07,"Upregulated",TRUE,TRUE,FALSE,FALSE,2
"ENSG00000171320","ESCO2",2.46119054247219,7.89661231330881e-06,"Upregulated",TRUE,TRUE,FALSE,FALSE,2
"ENSG00000029153","BMAL2",2.45652745809143,4.05829078498293e-12,"Upregulated",TRUE,TRUE,FALSE,FALSE,2
"ENSG00000154736","ADAMTS5",-2.45154856808998,0.00386988265051074,"Downregulated",TRUE,TRUE,FALSE,FALSE,2
"ENSG00000100526","CDKN3",2.44368887891757,1.57022319444254e-05,"Upregulated",TRUE,TRUE,FALSE,FALSE,2
"ENSG00000078053","AMPH",2.44207165146275,0.00816610649994293,"Upregulated",TRUE,TRUE,FALSE,FALSE,2
"ENSG00000137812","KNL1",2.43148575007583,7.28953131931507e-07,"Upregulated",TRUE,TRUE,FALSE,FALSE,2
"ENSG00000006327","TNFRSF12A",2.36963591353717,0.000480444078072903,"Upregulated",TRUE,TRUE,FALSE,FALSE,2
"ENSG00000137563","GGH",2.35625568035414,6.88103635081577e-10,"Upregulated",TRUE,TRUE,FALSE,FALSE,2
"ENSG00000104147","OIP5",2.33264188896487,9.0159214432735e-05,"Upregulated",TRUE,TRUE,FALSE,FALSE,2
"ENSG00000143847","PPFIA4",-2.30429245326687,0.00429336088263217,"Downregulated",TRUE,TRUE,FALSE,FALSE,2
"ENSG00000136982","DSCC1",2.28567266979356,0.00148650743794858,"Upregulated",TRUE,TRUE,FALSE,FALSE,2
"ENSG00000106070","GRB10",2.25553866061705,0.00152168796520769,"Upregulated",TRUE,TRUE,FALSE,FALSE,2
"ENSG00000138160","KIF11",2.25271377168293,8.97454991428283e-07,"Upregulated",TRUE,TRUE,FALSE,FALSE,2
"ENSG00000119326","CTNNAL1",2.2011708874581,1.3780633320416e-09,"Upregulated",TRUE,TRUE,FALSE,FALSE,2
"ENSG00000113070","HBEGF",2.19773850457085,0.000163620588438065,"Upregulated",TRUE,TRUE,FALSE,FALSE,2
"ENSG00000143228","NUF2",2.19659577501465,9.4704189141692e-06,"Upregulated",TRUE,TRUE,FALSE,FALSE,2
"ENSG00000183160","TMEM119",2.13404253617385,8.48528984060612e-05,"Upregulated",TRUE,TRUE,FALSE,FALSE,2
"ENSG00000101412","E2F1",2.12254312663503,3.96510146697934e-08,"Upregulated",TRUE,TRUE,FALSE,FALSE,2
"ENSG00000247796","MOCS2-DT",-2.11952728721644,0.00728964348037946,"Downregulated",TRUE,TRUE,FALSE,FALSE,2
"ENSG00000137941","TTLL7",2.10715990588477,0.0087651212269797,"Upregulated",TRUE,TRUE,FALSE,FALSE,2
"ENSG00000171714","ANO5",2.09361519504264,0.00165117130321077,"Upregulated",TRUE,TRUE,FALSE,FALSE,2
"ENSG00000003436","TFPI",2.09170670564748,0.000355255705249202,"Upregulated",TRUE,TRUE,FALSE,FALSE,2
"ENSG00000137571","SLCO5A1",2.08905398518837,0.00739353807210292,"Upregulated",TRUE,TRUE,FALSE,FALSE,2
"ENSG00000136158","SPRY2",2.08719144878917,0.000330387168411474,"Upregulated",TRUE,TRUE,FALSE,FALSE,2
"ENSG00000258572","SYNE3-AS1",2.07473544297862,0.00849249954567497,"Upregulated",TRUE,TRUE,FALSE,FALSE,2
"ENSG00000109805","NCAPG",2.06296270230453,1.25541865981734e-06,"Upregulated",TRUE,TRUE,FALSE,FALSE,2
"ENSG00000213809","KLRC4-KLRK1",-2.0596287669413,4.86076746670129e-05,"Downregulated",TRUE,TRUE,FALSE,FALSE,2
"ENSG00000118985","ELL2",2.05836207948288,2.17492384870134e-12,"Upregulated",TRUE,TRUE,FALSE,FALSE,2
"ENSG00000259772","LINC03034",2.05804879490666,2.01765679057504e-09,"Upregulated",TRUE,TRUE,FALSE,FALSE,2
"ENSG00000172889","EGFL7",2.04735838870883,0.007707968087433,"Upregulated",TRUE,TRUE,FALSE,FALSE,2
"ENSG00000128578","STRIP2",2.04610456300387,0.00233536741683764,"Upregulated",TRUE,TRUE,FALSE,FALSE,2
"ENSG00000165895","ARHGAP42",2.04588844418001,2.95127734362488e-05,"Upregulated",TRUE,TRUE,FALSE,FALSE,2
"ENSG00000156535","CD109",2.04369697781694,0.000188612890609597,"Upregulated",TRUE,TRUE,FALSE,FALSE,2
"ENSG00000004468","CD38",2.04105627149863,2.20338148782093e-06,"Upregulated",TRUE,TRUE,FALSE,FALSE,2
"ENSG00000088836","SLC4A11",2.02624105471709,0.00890827417082399,"Upregulated",TRUE,TRUE,FALSE,FALSE,2
"ENSG00000249310","APOBEC3B-AS1",2.02278247152757,0.00258277676876036,"Upregulated",TRUE,TRUE,FALSE,FALSE,2
"ENSG00000142494","SLC47A1",-2.02162351858576,0.00378383036599874,"Downregulated",TRUE,TRUE,FALSE,FALSE,2
"ENSG00000142583","SLC2A5",2.01765579011971,3.99137418273603e-05,"Upregulated",TRUE,TRUE,FALSE,FALSE,2
"ENSG00000126262","FFAR2",2.00917239682086,0.000179227968928643,"Upregulated",TRUE,TRUE,FALSE,FALSE,2
"ENSG00000166341","DCHS1",-2.00369048228082,2.37927734758436e-07,"Downregulated",TRUE,TRUE,FALSE,FALSE,2
"ENSG00000090530","P3H2",-1.98463827461312,0.00516008384733248,"Downregulated",TRUE,TRUE,FALSE,FALSE,2
"ENSG00000140534","TICRR",1.98292643781981,0.00638851210414434,"Upregulated",TRUE,TRUE,FALSE,FALSE,2
"ENSG00000197093","GAL3ST4",-1.98215576593536,0.000246359666740079,"Downregulated",TRUE,TRUE,FALSE,FALSE,2
"ENSG00000101447","FAM83D",1.97108255371488,3.77415816052472e-05,"Upregulated",TRUE,TRUE,FALSE,FALSE,2
"ENSG00000101003","GINS1",1.95092666668464,0.000146228191694292,"Upregulated",TRUE,TRUE,FALSE,FALSE,2
"ENSG00000186047","DLEU1-AS1",-1.94400242508852,0.000760773640775394,"Downregulated",TRUE,TRUE,FALSE,FALSE,2
"ENSG00000153162","BMP6",1.94259238210785,1.39900065812864e-12,"Upregulated",TRUE,TRUE,FALSE,FALSE,2
"ENSG00000078900","TP73",1.92975565563217,0.00504777713093793,"Upregulated",TRUE,TRUE,FALSE,FALSE,2
"ENSG00000221890","NPTXR",-1.9229368469587,0.000108629626830583,"Downregulated",TRUE,TRUE,FALSE,FALSE,2
"ENSG00000121152","NCAPH",1.91312891985934,2.45356230069044e-05,"Upregulated",TRUE,TRUE,FALSE,FALSE,2
"ENSG00000007968","E2F2",1.91098998303716,2.61568592186917e-10,"Upregulated",TRUE,TRUE,FALSE,FALSE,2
"ENSG00000175707","KDF1",-1.90654899604155,8.16894492092004e-05,"Downregulated",TRUE,TRUE,FALSE,FALSE,2
"ENSG00000269086","LINC02965",-1.89900045772819,0.00256990547465562,"Downregulated",TRUE,TRUE,FALSE,FALSE,2
"ENSG00000109321","AREG",1.87865503706497,0.000103380352794347,"Upregulated",TRUE,TRUE,FALSE,FALSE,2
"ENSG00000254709","IGLL5",1.87172784009514,1.72580658604528e-06,"Upregulated",TRUE,TRUE,FALSE,FALSE,2
"ENSG00000164087","POC1A",1.84811353802549,3.20765488089794e-09,"Upregulated",TRUE,TRUE,FALSE,FALSE,2
"ENSG00000105173","CCNE1",1.84580456935572,4.04767740878067e-06,"Upregulated",TRUE,TRUE,FALSE,FALSE,2
"ENSG00000204103","MAFB",1.835146903423,1.53342278700393e-06,"Upregulated",TRUE,TRUE,FALSE,FALSE,2
"ENSG00000087237","CETP",1.83388793547725,0.00238231010134288,"Upregulated",TRUE,TRUE,FALSE,FALSE,2
"ENSG00000125319","HROB",1.83025554596092,0.00128411395529844,"Upregulated",TRUE,TRUE,FALSE,FALSE,2
"ENSG00000127564","PKMYT1",1.82510606541084,3.11208323154102e-06,"Upregulated",TRUE,TRUE,FALSE,FALSE,2
"ENSG00000099377","HSD3B7",1.81956898631675,0.00988503735731463,"Upregulated",TRUE,TRUE,FALSE,FALSE,2
"ENSG00000110079","MS4A4A",1.81333063353461,0.00371121946228109,"Upregulated",TRUE,TRUE,FALSE,FALSE,2
"ENSG00000081041","CXCL2",1.79456993427078,0.000760773640775394,"Upregulated",TRUE,TRUE,FALSE,FALSE,2
"ENSG00000196141","SPATS2L",1.78285955592561,0.00103168871823078,"Upregulated",TRUE,TRUE,FALSE,FALSE,2
"ENSG00000203760","CENPW",1.78201677097413,5.00373616322238e-07,"Upregulated",TRUE,TRUE,FALSE,FALSE,2
"ENSG00000143546","S100A8",1.77770697886353,0.000433700272996701,"Upregulated",TRUE,TRUE,FALSE,FALSE,2
"ENSG00000214401","KANSL1-AS1",-1.76860603085984,0.000480711246420558,"Downregulated",TRUE,TRUE,FALSE,FALSE,2
"ENSG00000125148","MT2A",1.76107448806468,1.34367915496657e-06,"Upregulated",TRUE,TRUE,FALSE,FALSE,2
"ENSG00000165409","TSHR",1.75481424219585,0.00682649630521959,"Upregulated",TRUE,TRUE,FALSE,FALSE,2
"ENSG00000156510","HKDC1",-1.7430856273578,0.000615448013804494,"Downregulated",TRUE,TRUE,FALSE,FALSE,2
"ENSG00000182809","CRIP2",-1.74202645292397,8.8202285892882e-05,"Downregulated",TRUE,TRUE,FALSE,FALSE,2
"ENSG00000150667","FSIP1",1.7412136149155,0.00550170365933153,"Upregulated",TRUE,TRUE,FALSE,FALSE,2
"ENSG00000140451","PIF1",1.73234807985032,6.90412754509046e-07,"Upregulated",TRUE,TRUE,FALSE,FALSE,2
"ENSG00000189190","ZNF600",-1.72711717177213,2.19106711695312e-05,"Downregulated",TRUE,TRUE,FALSE,FALSE,2
"ENSG00000135916","ITM2C",1.72614533379112,1.78151844761141e-08,"Upregulated",TRUE,TRUE,FALSE,FALSE,2
"ENSG00000164687","FABP5",1.72544566379164,2.52501322432707e-06,"Upregulated",TRUE,TRUE,FALSE,FALSE,2
"ENSG00000196345","ZKSCAN7",-1.71504736269669,7.20165496219207e-06,"Downregulated",TRUE,TRUE,FALSE,FALSE,2
"ENSG00000121316","PLBD1",1.71004571484511,0.00282248220856562,"Upregulated",TRUE,TRUE,FALSE,FALSE,2
"ENSG00000144354","CDCA7",1.70960485033773,0.000853181241890421,"Upregulated",TRUE,TRUE,FALSE,FALSE,2
"ENSG00000136231","IGF2BP3",1.7077419505142,0.00739353807210292,"Upregulated",TRUE,TRUE,FALSE,FALSE,2
"ENSG00000051180","RAD51",1.70019017568622,1.53959843684056e-05,"Upregulated",TRUE,TRUE,FALSE,FALSE,2
"ENSG00000110944","IL23A",-1.68266860754209,0.0015683735852818,"Downregulated",TRUE,TRUE,FALSE,FALSE,2
"ENSG00000241127","YAE1",-1.68197514197467,4.85058749278732e-06,"Downregulated",TRUE,TRUE,FALSE,FALSE,2
"ENSG00000011590","ZBTB32",1.67232669181043,1.23390964446407e-05,"Upregulated",TRUE,TRUE,FALSE,FALSE,2
"ENSG00000128383","APOBEC3A",1.67146629970962,0.0053159820850669,"Upregulated",TRUE,TRUE,FALSE,FALSE,2
"ENSG00000005189","REXO5",1.66303852500442,0.00811747799738821,"Upregulated",TRUE,TRUE,FALSE,FALSE,2
"ENSG00000163606","CD200R1",-1.66201642413169,0.000329445441746896,"Downregulated",TRUE,TRUE,FALSE,FALSE,2
"ENSG00000123473","STIL",1.66040194001689,4.15159529075118e-06,"Upregulated",TRUE,TRUE,FALSE,FALSE,2
"ENSG00000135960","EDAR",-1.65782682525854,2.88727148949101e-05,"Downregulated",TRUE,TRUE,FALSE,FALSE,2
"ENSG00000204580","DDR1",-1.65518738628304,3.96756382877908e-05,"Downregulated",TRUE,TRUE,FALSE,FALSE,2
"ENSG00000100311","PDGFB",-1.65219751329897,0.00301121683922352,"Downregulated",TRUE,TRUE,FALSE,FALSE,2
"ENSG00000196329","GIMAP5",-1.64530628604455,9.23661415859834e-06,"Downregulated",TRUE,TRUE,FALSE,FALSE,2
"ENSG00000170989","S1PR1",-1.64005464269575,2.53338554443183e-10,"Downregulated",TRUE,TRUE,FALSE,FALSE,2
"ENSG00000228716","DHFR",1.63507353965598,5.160189197414e-05,"Upregulated",TRUE,TRUE,FALSE,FALSE,2
"ENSG00000291127","ANKRD36BP2",1.62603860494133,0.00994361169241575,"Upregulated",TRUE,TRUE,FALSE,FALSE,2
"ENSG00000117632","STMN1",1.62271148532574,0.000190858491257818,"Upregulated",TRUE,TRUE,FALSE,FALSE,2
"ENSG00000163251","FZD5",1.62035969798025,0.00666750481607435,"Upregulated",TRUE,TRUE,FALSE,FALSE,2
"ENSG00000101335","MYL9",1.62032784332157,3.20050017887722e-06,"Upregulated",TRUE,TRUE,FALSE,FALSE,2
"ENSG00000186193","SAPCD2",1.61928273555694,0.00157225728341061,"Upregulated",TRUE,TRUE,FALSE,FALSE,2
"ENSG00000134508","CABLES1",1.61831296841669,0.00119024679020785,"Upregulated",TRUE,TRUE,FALSE,FALSE,2
"ENSG00000136630","HLX",1.6162270915182,0.000897196367855063,"Upregulated",TRUE,TRUE,FALSE,FALSE,2
"ENSG00000198121","LPAR1",-1.6144092427729,0.00340598642129281,"Downregulated",TRUE,TRUE,FALSE,FALSE,2
"ENSG00000077152","UBE2T",1.60887184304858,0.000708018826471885,"Upregulated",TRUE,TRUE,FALSE,FALSE,2
"ENSG00000144668","ITGA9",1.6075191391974,0.00241289304203018,"Upregulated",TRUE,TRUE,FALSE,FALSE,2
"ENSG00000187837","H1-2",1.60420756582494,1.39903829566237e-05,"Upregulated",TRUE,TRUE,FALSE,FALSE,2
"ENSG00000241163","LINC00877",-1.60234774929932,9.79455524949996e-05,"Downregulated",TRUE,TRUE,FALSE,FALSE,2
"ENSG00000161653","NAGS",-1.60126970504116,0.00183683122873587,"Downregulated",TRUE,TRUE,FALSE,FALSE,2
"ENSG00000277301","LOC101929698",-1.6004814178668,0.00847232964143623,"Downregulated",TRUE,TRUE,FALSE,FALSE,2
"ENSG00000186231","KLHL32",-1.59304809710976,0.00211523951620856,"Downregulated",TRUE,TRUE,FALSE,FALSE,2
"ENSG00000112290","WASF1",1.58003008081717,0.00927266732203614,"Upregulated",TRUE,TRUE,FALSE,FALSE,2
"ENSG00000198363","ASPH",1.57583851923543,0.0080881725065981,"Upregulated",TRUE,TRUE,FALSE,FALSE,2
"ENSG00000161381","PLXDC1",-1.57063240982959,6.90692599533539e-05,"Downregulated",TRUE,TRUE,FALSE,FALSE,2
"ENSG00000135424","ITGA7",1.56269392852196,0.000895495215086007,"Upregulated",TRUE,TRUE,FALSE,FALSE,2
"ENSG00000163220","S100A9",1.55621328386052,0.0018008508385282,"Upregulated",TRUE,TRUE,FALSE,FALSE,2
"ENSG00000173210","ABLIM3",1.54980612804714,0.00893554530620597,"Upregulated",TRUE,TRUE,FALSE,FALSE,2
"ENSG00000122966","CIT",1.54332681167355,0.00147877353430753,"Upregulated",TRUE,TRUE,FALSE,FALSE,2
"ENSG00000145390","USP53",-1.5346463317033,0.000812018791974445,"Downregulated",TRUE,TRUE,FALSE,FALSE,2
"ENSG00000173334","TRIB1",1.53423945784316,1.27587902913159e-08,"Upregulated",TRUE,TRUE,FALSE,FALSE,2
"ENSG00000197980","LEKR1",-1.51957721592093,0.00538913784793738,"Downregulated",TRUE,TRUE,FALSE,FALSE,2
"ENSG00000196465","MYL6B",1.50209537697608,0.00018985631596832,"Upregulated",TRUE,TRUE,FALSE,FALSE,2
"ENSG00000161888","SPC24",1.49501041779595,0.000379464198332654,"Upregulated",TRUE,TRUE,FALSE,FALSE,2
"ENSG00000150760","DOCK1",1.49431949909757,0.00146134142946877,"Upregulated",TRUE,TRUE,FALSE,FALSE,2
"ENSG00000117984","CTSD",1.48705253485627,0.00132524335081894,"Upregulated",TRUE,TRUE,FALSE,FALSE,2
"ENSG00000197119","SLC25A29",-1.48227117389744,1.83897517788723e-22,"Downregulated",TRUE,TRUE,FALSE,FALSE,2
"ENSG00000135047","CTSL",1.48197454261273,0.000124362089621989,"Upregulated",TRUE,TRUE,FALSE,FALSE,2
"ENSG00000123989","CHPF",1.46762222980995,2.48278297142364e-06,"Upregulated",TRUE,TRUE,FALSE,FALSE,2
"ENSG00000197362","ZNF786",-1.46534806633236,1.8242254838187e-09,"Downregulated",TRUE,TRUE,FALSE,FALSE,2
"ENSG00000097021","ACOT7",1.45968398276291,0.00124912880663233,"Upregulated",TRUE,TRUE,FALSE,FALSE,2
"ENSG00000017483","SLC38A5",1.45639456833558,1.71912436365842e-12,"Upregulated",TRUE,TRUE,FALSE,FALSE,2
"ENSG00000168758","SEMA4C",-1.45347717910252,0.000949516100683183,"Downregulated",TRUE,TRUE,FALSE,FALSE,2
"ENSG00000189233","NUGGC",1.45257715727934,0.00245055689278711,"Upregulated",TRUE,TRUE,FALSE,FALSE,2
"ENSG00000099194","SCD",1.45207597684584,0.00308732418853778,"Upregulated",TRUE,TRUE,FALSE,FALSE,2
"ENSG00000107968","MAP3K8",1.44717324332935,2.19079708416079e-14,"Upregulated",TRUE,TRUE,FALSE,FALSE,2
"ENSG00000139970","RTN1",-1.44171708518212,0.0070135015133952,"Downregulated",TRUE,TRUE,FALSE,FALSE,2
"ENSG00000119401","TRIM32",-1.43596692530486,2.74206309334663e-06,"Downregulated",TRUE,TRUE,FALSE,FALSE,2
"ENSG00000174099","MSRB3",1.43399967572362,0.00382877080879965,"Upregulated",TRUE,TRUE,FALSE,FALSE,2
"ENSG00000185730","ZNF696",-1.43322223995201,2.86073019018983e-09,"Downregulated",TRUE,TRUE,FALSE,FALSE,2
"ENSG00000165092","ALDH1A1",-1.43289328780835,0.000279821114123634,"Downregulated",TRUE,TRUE,FALSE,FALSE,2
"ENSG00000166123","GPT2",1.42607109023161,3.07789015322285e-05,"Upregulated",TRUE,TRUE,FALSE,FALSE,2
"ENSG00000092621","PHGDH",1.42546993653485,0.00356815018804526,"Upregulated",TRUE,TRUE,FALSE,FALSE,2
"ENSG00000227218","LOC124902280",-1.39936642621342,0.00544882571700164,"Downregulated",TRUE,TRUE,FALSE,FALSE,2
"ENSG00000167106","EEIG1",-1.3953927851307,0.00028899157781935,"Downregulated",TRUE,TRUE,FALSE,FALSE,2
"ENSG00000140044","JDP2",1.38866447584543,0.00917925763319569,"Upregulated",TRUE,TRUE,FALSE,FALSE,2
"ENSG00000091651","ORC6",1.38578547133302,0.0010002921065468,"Upregulated",TRUE,TRUE,FALSE,FALSE,2
"ENSG00000154589","LY96",1.38485578740652,0.00132513501995114,"Upregulated",TRUE,TRUE,FALSE,FALSE,2
"ENSG00000114737","CISH",-1.38421178234903,5.44215742681925e-05,"Downregulated",TRUE,TRUE,FALSE,FALSE,2
"ENSG00000135404","CD63",1.38304498431953,2.69594063057726e-07,"Upregulated",TRUE,TRUE,FALSE,FALSE,2
"ENSG00000102245","CD40LG",-1.37967430385494,0.000289165411238853,"Downregulated",TRUE,TRUE,FALSE,FALSE,2
"ENSG00000158714","SLAMF8",-1.37787223343691,0.000477781669939461,"Downregulated",TRUE,TRUE,FALSE,FALSE,2
"ENSG00000145050","MANF",1.36394207865189,0.000280419024769036,"Upregulated",TRUE,TRUE,FALSE,FALSE,2
"ENSG00000197457","STMN3",-1.35740142936924,0.00113562980842228,"Downregulated",TRUE,TRUE,FALSE,FALSE,2
"ENSG00000008394","MGST1",1.35707165783514,0.00493268893675359,"Upregulated",TRUE,TRUE,FALSE,FALSE,2
"ENSG00000170365","SMAD1",1.35181413547487,4.45461173803467e-05,"Upregulated",TRUE,TRUE,FALSE,FALSE,2
"ENSG00000157557","ETS2",1.34720107977821,2.49474128102779e-05,"Upregulated",TRUE,TRUE,FALSE,FALSE,2
"ENSG00000115129","TP53I3",1.34506930636429,0.000584688717818608,"Upregulated",TRUE,TRUE,FALSE,FALSE,2
"ENSG00000100290","BIK",1.33784685273896,9.45995865750495e-06,"Upregulated",TRUE,TRUE,FALSE,FALSE,2
"ENSG00000117560","FASLG",-1.3337392462167,0.00340757157270254,"Downregulated",TRUE,TRUE,FALSE,FALSE,2
"ENSG00000178038","ALS2CL",-1.32359113629176,0.00798588212240766,"Downregulated",TRUE,TRUE,FALSE,FALSE,2
"ENSG00000101842","VSIG1",-1.32235081686085,0.00028836032658272,"Downregulated",TRUE,TRUE,FALSE,FALSE,2
"ENSG00000168811","IL12A",1.31682102779964,0.00663894502275187,"Upregulated",TRUE,TRUE,FALSE,FALSE,2
"ENSG00000185022","MAFF",1.31239705433384,0.00121355337284181,"Upregulated",TRUE,TRUE,FALSE,FALSE,2
"ENSG00000112312","GMNN",1.30943071132667,0.000621706930405848,"Upregulated",TRUE,TRUE,FALSE,FALSE,2
"ENSG00000290600","LOC155060",-1.30596815324492,0.00504777713093793,"Downregulated",TRUE,TRUE,FALSE,FALSE,2
"ENSG00000185220","PGBD2",-1.29250325255858,2.80607142172895e-10,"Downregulated",TRUE,TRUE,FALSE,FALSE,2
"ENSG00000171502","COL24A1",1.29188376788013,0.00471540721376579,"Upregulated",TRUE,TRUE,FALSE,FALSE,2
"ENSG00000100902","PSMA6",1.29152463063705,3.72667920133822e-07,"Upregulated",TRUE,TRUE,FALSE,FALSE,2
"ENSG00000123080","CDKN2C",1.285954123205,2.66860164259681e-05,"Upregulated",TRUE,TRUE,FALSE,FALSE,2
"ENSG00000005961","ITGA2B",1.28473227441239,0.00436109853001966,"Upregulated",TRUE,TRUE,FALSE,FALSE,2
"ENSG00000214894","LINC00243",-1.28467619312115,0.00714917032739565,"Downregulated",TRUE,TRUE,FALSE,FALSE,2
"ENSG00000165030","NFIL3",1.28390009138807,1.81157488385581e-05,"Upregulated",TRUE,TRUE,FALSE,FALSE,2
"ENSG00000142920","AZIN2",-1.27402878841197,0.00866525307703309,"Downregulated",TRUE,TRUE,FALSE,FALSE,2
"ENSG00000184497","TMEM255B",1.27232639448867,0.00912905844912288,"Upregulated",TRUE,TRUE,FALSE,FALSE,2
"ENSG00000145287","PLAC8",1.26977875820201,0.00244186369963034,"Upregulated",TRUE,TRUE,FALSE,FALSE,2
"ENSG00000239672","NME1",1.26451263769525,1.42950353271649e-05,"Upregulated",TRUE,TRUE,FALSE,FALSE,2
"ENSG00000142303","ADAMTS10",-1.25956080865277,0.00253012471101714,"Downregulated",TRUE,TRUE,FALSE,FALSE,2
"ENSG00000234377","OBI1-AS1",-1.25453130879519,3.19523659639373e-05,"Downregulated",TRUE,TRUE,FALSE,FALSE,2
"ENSG00000182985","CADM1",1.24008333372662,0.00533913398256491,"Upregulated",TRUE,TRUE,FALSE,FALSE,2
"ENSG00000075702","WDR62",1.23658866489012,0.00308095523058534,"Upregulated",TRUE,TRUE,FALSE,FALSE,2
"ENSG00000173218","VANGL1",1.23110632317142,1.23761151209979e-08,"Upregulated",TRUE,TRUE,FALSE,FALSE,2
"ENSG00000170915","PAQR8",-1.22952377272433,0.000292234695062912,"Downregulated",TRUE,TRUE,FALSE,FALSE,2
"ENSG00000182107","TMEM30B",-1.22760039050206,0.00480675583099434,"Downregulated",TRUE,TRUE,FALSE,FALSE,2
"ENSG00000168615","ADAM9",1.22616172647053,0.00219202819157769,"Upregulated",TRUE,TRUE,FALSE,FALSE,2
"ENSG00000169116","PARM1",1.22106863943994,0.00932217160141681,"Upregulated",TRUE,TRUE,FALSE,FALSE,2
"ENSG00000147889","CDKN2A",1.21774103629091,0.00575556542962336,"Upregulated",TRUE,TRUE,FALSE,FALSE,2
"ENSG00000236830","CBR3-AS1",-1.21309838784538,0.00243873893695406,"Downregulated",TRUE,TRUE,FALSE,FALSE,2
"ENSG00000281005","LINC00921",-1.20858763570813,0.000148490419311245,"Downregulated",TRUE,TRUE,FALSE,FALSE,2
"ENSG00000154025","SLC5A10",-1.2010343785216,0.000719439128272481,"Downregulated",TRUE,TRUE,FALSE,FALSE,2
"ENSG00000213588","ZBTB9",-1.19128258891712,0.000248963203305225,"Downregulated",TRUE,TRUE,FALSE,FALSE,2
"ENSG00000119333","DYNC2I2",1.19128107165988,0.000896452786158758,"Upregulated",TRUE,TRUE,FALSE,FALSE,2
"ENSG00000170456","DENND5B",1.18772970155959,0.000179717892889251,"Upregulated",TRUE,TRUE,FALSE,FALSE,2
"ENSG00000102053","ZC3H12B",-1.18512253383192,0.00356253220020037,"Downregulated",TRUE,TRUE,FALSE,FALSE,2
"ENSG00000282164","PEG13",-1.18295882343422,0.00841111282116013,"Downregulated",TRUE,TRUE,FALSE,FALSE,2
"ENSG00000123352","SPATS2",1.18266786692998,0.000371104610405666,"Upregulated",TRUE,TRUE,FALSE,FALSE,2
"ENSG00000145919","BOD1",-1.18044460151517,4.00274511252318e-07,"Downregulated",TRUE,TRUE,FALSE,FALSE,2
"ENSG00000167074","TEF",-1.17955935814616,0.000100990550329976,"Downregulated",TRUE,TRUE,FALSE,FALSE,2
"ENSG00000162063","CCNF",1.1766481659651,1.99860233905339e-05,"Upregulated",TRUE,TRUE,FALSE,FALSE,2
"ENSG00000059728","MXD1",1.17652939183846,4.22520584550191e-05,"Upregulated",TRUE,TRUE,FALSE,FALSE,2
"ENSG00000197050","ZNF420",-1.17290953761064,8.2007147167625e-08,"Downregulated",TRUE,TRUE,FALSE,FALSE,2
"ENSG00000103257","SLC7A5",1.17288335238146,6.10612247269592e-05,"Upregulated",TRUE,TRUE,FALSE,FALSE,2
"ENSG00000085063","CD59",1.17225922739101,0.000284576550478831,"Upregulated",TRUE,TRUE,FALSE,FALSE,2
"ENSG00000135951","TSGA10",-1.17049269661464,0.00383561033845889,"Downregulated",TRUE,TRUE,FALSE,FALSE,2
"ENSG00000143333","RGS16",1.16715665675926,0.00480910291334514,"Upregulated",TRUE,TRUE,FALSE,FALSE,2
"ENSG00000160789","LMNA",1.16667614259372,0.00152046195674784,"Upregulated",TRUE,TRUE,FALSE,FALSE,2
"ENSG00000068489","PRR11",1.1648085753999,9.2401420400674e-05,"Upregulated",TRUE,TRUE,FALSE,FALSE,2
"ENSG00000152207","CYSLTR2",-1.16392658379778,0.00165117130321077,"Downregulated",TRUE,TRUE,FALSE,FALSE,2
"ENSG00000069956","MAPK6",1.16259588945574,5.87506684470045e-07,"Upregulated",TRUE,TRUE,FALSE,FALSE,2
"ENSG00000123131","PRDX4",1.16190993382841,1.9750715250143e-09,"Upregulated",TRUE,TRUE,FALSE,FALSE,2
"ENSG00000187808","SOWAHD",-1.16173263661139,0.00818842121866653,"Downregulated",TRUE,TRUE,FALSE,FALSE,2
"ENSG00000168298","H1-4",1.15723700901817,0.000663284854404237,"Upregulated",TRUE,TRUE,FALSE,FALSE,2
"ENSG00000271913","TAGAP-AS1",-1.15577508160788,1.28633392744747e-08,"Downregulated",TRUE,TRUE,FALSE,FALSE,2
"ENSG00000143882","ATP6V1C2",1.15477657560501,1.81420398040428e-06,"Upregulated",TRUE,TRUE,FALSE,FALSE,2
"ENSG00000147872","PLIN2",1.15212291255689,0.00416837955581605,"Upregulated",TRUE,TRUE,FALSE,FALSE,2
"ENSG00000117643","MAN1C1",-1.15068295347642,0.00230917363782692,"Downregulated",TRUE,TRUE,FALSE,FALSE,2
"ENSG00000112394","SLC16A10",-1.14771452199479,0.00351714309810717,"Downregulated",TRUE,TRUE,FALSE,FALSE,2
"ENSG00000139618","BRCA2",1.14703869829105,0.000272628620120602,"Upregulated",TRUE,TRUE,FALSE,FALSE,2
"ENSG00000154920","EME1",1.14128376707963,0.00100317727998471,"Upregulated",TRUE,TRUE,FALSE,FALSE,2
"ENSG00000140320","BAHD1",-1.13926573182274,0.00385249123344044,"Downregulated",TRUE,TRUE,FALSE,FALSE,2
"ENSG00000153066","TXNDC11",1.13573394723532,5.61772242762562e-06,"Upregulated",TRUE,TRUE,FALSE,FALSE,2
"ENSG00000163738","MTHFD2L",1.13471033323495,6.9931915754475e-07,"Upregulated",TRUE,TRUE,FALSE,FALSE,2
"ENSG00000197841","ZNF181",-1.12979298034489,1.57625397222264e-05,"Downregulated",TRUE,TRUE,FALSE,FALSE,2
"ENSG00000132646","PCNA",1.12574407700955,0.00455757891059728,"Upregulated",TRUE,TRUE,FALSE,FALSE,2
"ENSG00000204611","ZNF616",-1.12439478637787,0.000326421776649708,"Downregulated",TRUE,TRUE,FALSE,FALSE,2
"ENSG00000126353","CCR7",-1.12234055791871,0.00372942134385596,"Downregulated",TRUE,TRUE,FALSE,FALSE,2
"ENSG00000245067","IGFBP7-AS1",1.12173136862013,0.00471540721376579,"Upregulated",TRUE,TRUE,FALSE,FALSE,2
"ENSG00000154027","AK5",-1.12127195890139,0.00918184803751823,"Downregulated",TRUE,TRUE,FALSE,FALSE,2
"ENSG00000198833","UBE2J1",1.11851845516315,4.32623670383521e-07,"Upregulated",TRUE,TRUE,FALSE,FALSE,2
"ENSG00000186854","LOC105374836",-1.11819190955085,0.00369691731334811,"Downregulated",TRUE,TRUE,FALSE,FALSE,2
"ENSG00000120254","MTHFD1L",1.11515108801745,1.43305716174742e-06,"Upregulated",TRUE,TRUE,FALSE,FALSE,2
"ENSG00000163453","IGFBP7",1.11431694793539,0.00262067293630528,"Upregulated",TRUE,TRUE,FALSE,FALSE,2
"ENSG00000175305","CCNE2",1.10689248287391,0.00475722381135901,"Upregulated",TRUE,TRUE,FALSE,FALSE,2
"ENSG00000127152","BCL11B",-1.10558719342498,0.00480168227680197,"Downregulated",TRUE,TRUE,FALSE,FALSE,2
"ENSG00000144182","LIPT1",-1.09911802527337,0.000271655876599476,"Downregulated",TRUE,TRUE,FALSE,FALSE,2
"ENSG00000277449","CEBPB-AS1",1.09720286524072,0.00016114181515786,"Upregulated",TRUE,TRUE,FALSE,FALSE,2
"ENSG00000197061","H4C3",1.09317768844711,0.00574392959589197,"Upregulated",TRUE,TRUE,FALSE,FALSE,2
"ENSG00000125735","TNFSF14",-1.09086529572531,4.63917908098773e-06,"Downregulated",TRUE,TRUE,FALSE,FALSE,2
"ENSG00000122862","SRGN",1.08889369843954,6.39735622893002e-07,"Upregulated",TRUE,TRUE,FALSE,FALSE,2
"ENSG00000105835","NAMPT",1.08660079073762,0.00320579269858943,"Upregulated",TRUE,TRUE,FALSE,FALSE,2
"ENSG00000143870","PDIA6",1.08478196046381,5.47393690634353e-06,"Upregulated",TRUE,TRUE,FALSE,FALSE,2
"ENSG00000168672","LRATD2",-1.08332910893351,0.00446889968888964,"Downregulated",TRUE,TRUE,FALSE,FALSE,2
"ENSG00000166289","PLEKHF1",-1.08144846603791,1.85125716502949e-08,"Downregulated",TRUE,TRUE,FALSE,FALSE,2
"ENSG00000182481","KPNA2",1.07897622451527,0.00152847860048248,"Upregulated",TRUE,TRUE,FALSE,FALSE,2
"ENSG00000116922","AIRIM",-1.07779580837479,1.99860233905339e-05,"Downregulated",TRUE,TRUE,FALSE,FALSE,2
"ENSG00000161513","FDXR",1.0742726405116,3.21963108347355e-06,"Upregulated",TRUE,TRUE,FALSE,FALSE,2
"ENSG00000155660","PDIA4",1.06874988408163,6.14615587658255e-05,"Upregulated",TRUE,TRUE,FALSE,FALSE,2
"ENSG00000171940","ZNF217",-1.0628208483885,4.39424824486535e-09,"Downregulated",TRUE,TRUE,FALSE,FALSE,2
"ENSG00000268500","SIGLEC5",-1.05812665573455,0.00988503735731463,"Downregulated",TRUE,TRUE,FALSE,FALSE,2
"ENSG00000111885","MAN1A1",1.0579151540731,0.00220369170834014,"Upregulated",TRUE,TRUE,FALSE,FALSE,2
"ENSG00000144824","PHLDB2",-1.05765666591194,0.00012048432494147,"Downregulated",TRUE,TRUE,FALSE,FALSE,2
"ENSG00000106351","AGFG2",-1.05588517520277,0.00224486760409353,"Downregulated",TRUE,TRUE,FALSE,FALSE,2
"ENSG00000291066","RRN3P1",-1.05460688175772,0.00465185361744499,"Downregulated",TRUE,TRUE,FALSE,FALSE,2
"ENSG00000135048","CEMIP2",1.05000265888352,0.000411315231209774,"Upregulated",TRUE,TRUE,FALSE,FALSE,2
"ENSG00000166451","CENPN",1.0479272131698,0.000255209036217894,"Upregulated",TRUE,TRUE,FALSE,FALSE,2
"ENSG00000137266","SLC22A23",-1.04778353320684,0.000811623621492076,"Downregulated",TRUE,TRUE,FALSE,FALSE,2
"ENSG00000111640","GAPDH",1.04775925037807,9.85086752530132e-07,"Upregulated",TRUE,TRUE,FALSE,FALSE,2
"ENSG00000206337","HCP5",-1.04656580381849,0.000440595040504354,"Downregulated",TRUE,TRUE,FALSE,FALSE,2
"ENSG00000124772","CPNE5",1.04009122744768,0.000159493361081461,"Upregulated",TRUE,TRUE,FALSE,FALSE,2
"ENSG00000128228","SDF2L1",1.03739504313255,0.000333101761873328,"Upregulated",TRUE,TRUE,FALSE,FALSE,2
"ENSG00000196123","MATCAP1",1.03674152307848,0.00475722381135901,"Upregulated",TRUE,TRUE,FALSE,FALSE,2
"ENSG00000106462","EZH2",1.03485745080047,0.00054384896181013,"Upregulated",TRUE,TRUE,FALSE,FALSE,2
"ENSG00000117090","SLAMF1",-1.03377266820173,0.000250829494199264,"Downregulated",TRUE,TRUE,FALSE,FALSE,2
"ENSG00000116990","MYCL",-1.03330251418287,6.09640801473205e-09,"Downregulated",TRUE,TRUE,FALSE,FALSE,2
"ENSG00000267275","KLF2-DT",-1.03268131029127,0.0062735650121575,"Downregulated",TRUE,TRUE,FALSE,FALSE,2
"ENSG00000003147","ICA1",1.03084253478769,0.00170498772305937,"Upregulated",TRUE,TRUE,FALSE,FALSE,2
"ENSG00000213930","GALT",-1.02845412533459,1.19296767394541e-10,"Downregulated",TRUE,TRUE,FALSE,FALSE,2
"ENSG00000156239","HEMK2",-1.02728664414236,0.000341916811777331,"Downregulated",TRUE,TRUE,FALSE,FALSE,2
"ENSG00000120949","TNFRSF8",-1.02342554305616,0.00876696797287925,"Downregulated",TRUE,TRUE,FALSE,FALSE,2
"ENSG00000180667","YOD1",1.02339955985802,5.17898454476338e-05,"Upregulated",TRUE,TRUE,FALSE,FALSE,2
"ENSG00000180817","PPA1",1.02098989710827,0.000444554760439523,"Upregulated",TRUE,TRUE,FALSE,FALSE,2
"ENSG00000089195","TRMT6",1.01774850014632,4.22980254422694e-08,"Upregulated",TRUE,TRUE,FALSE,FALSE,2
"ENSG00000257285","PRMT5-DT",1.01744245372769,0.00493889866962487,"Upregulated",TRUE,TRUE,FALSE,FALSE,2
"ENSG00000157193","LRP8",1.01738283712055,0.000341916811777331,"Upregulated",TRUE,TRUE,FALSE,FALSE,2
"ENSG00000136026","CKAP4",1.01710889111699,0.000523435999443897,"Upregulated",TRUE,TRUE,FALSE,FALSE,2
"ENSG00000234807","LOC101926907",-1.0167708920894,0.0016871305926873,"Downregulated",TRUE,TRUE,FALSE,FALSE,2
"ENSG00000087589","CASS4",-1.01472425096582,2.72489350238269e-05,"Downregulated",TRUE,TRUE,FALSE,FALSE,2
"ENSG00000011523","CEP68",-1.00748267316125,0.00119222817569044,"Downregulated",TRUE,TRUE,FALSE,FALSE,2
"ENSG00000113368","LMNB1",0.99941444025907,0.00846973301787935,"Upregulated",TRUE,TRUE,FALSE,FALSE,2
"ENSG00000157734","SNX22",0.998660845351933,4.13320861471505e-09,"Upregulated",TRUE,TRUE,FALSE,FALSE,2
"ENSG00000183484","GPR132",-0.994856233540471,6.7622864562727e-07,"Downregulated",TRUE,TRUE,FALSE,FALSE,2
"ENSG00000115738","ID2",0.993469361102375,1.03516191492141e-05,"Upregulated",TRUE,TRUE,FALSE,FALSE,2
"ENSG00000076003","MCM6",0.991620738987813,0.00404946126723938,"Upregulated",TRUE,TRUE,FALSE,FALSE,2
"ENSG00000172216","CEBPB",0.987307677656309,0.00137039065007586,"Upregulated",TRUE,TRUE,FALSE,FALSE,2
"ENSG00000291118","ZNF767P",-0.983747066975872,9.12727495251207e-05,"Downregulated",TRUE,TRUE,FALSE,FALSE,2
"ENSG00000171621","SPSB1",0.983078113435132,0.00859601771973454,"Upregulated",TRUE,TRUE,FALSE,FALSE,2
"ENSG00000215252","GOLGA8B",-0.982536113770447,0.0037723319002326,"Downregulated",TRUE,TRUE,FALSE,FALSE,2
"ENSG00000149016","TUT1",-0.981121302792409,0.000628319028299276,"Downregulated",TRUE,TRUE,FALSE,FALSE,2
"ENSG00000105516","DBP",-0.978647610535615,2.74206309334663e-06,"Downregulated",TRUE,TRUE,FALSE,FALSE,2
"ENSG00000182318","ZSCAN22",-0.97756594260764,0.00155286232211266,"Downregulated",TRUE,TRUE,FALSE,FALSE,2
"ENSG00000170525","PFKFB3",0.975947405028658,0.00930416950705997,"Upregulated",TRUE,TRUE,FALSE,FALSE,2
"ENSG00000277089","CCL3-AS1",-0.973618347176946,0.00590481135965495,"Downregulated",TRUE,TRUE,FALSE,FALSE,2
"ENSG00000130202","NECTIN2",0.970197320978032,0.00818842121866653,"Upregulated",TRUE,TRUE,FALSE,FALSE,2
"ENSG00000111266","DUSP16",-0.965409564195343,0.00302478269604241,"Downregulated",TRUE,TRUE,FALSE,FALSE,2
"ENSG00000110090","CPT1A",0.965228294854848,0.00855231155250172,"Upregulated",TRUE,TRUE,FALSE,FALSE,2
"ENSG00000166794","PPIB",0.964971666610399,9.81904081403395e-08,"Upregulated",TRUE,TRUE,FALSE,FALSE,2
"ENSG00000176055","MBLAC2",-0.963654267316906,0.00881327200830654,"Downregulated",TRUE,TRUE,FALSE,FALSE,2
"ENSG00000137309","HMGA1",0.962953499146524,0.000169960059637049,"Upregulated",TRUE,TRUE,FALSE,FALSE,2
"ENSG00000065911","MTHFD2",0.958839990515374,0.00505121151667302,"Upregulated",TRUE,TRUE,FALSE,FALSE,2
"ENSG00000152270","PDE3B",-0.957942694432157,0.00436109853001966,"Downregulated",TRUE,TRUE,FALSE,FALSE,2
"ENSG00000162804","SNED1",-0.956664173076911,0.000949516100683183,"Downregulated",TRUE,TRUE,FALSE,FALSE,2
"ENSG00000256576","LINC02361",-0.953942129393077,0.0015062756803511,"Downregulated",TRUE,TRUE,FALSE,FALSE,2
"ENSG00000117143","UAP1",0.953609314075219,0.000187832781516545,"Upregulated",TRUE,TRUE,FALSE,FALSE,2
"ENSG00000162073","PAQR4",0.943088654816465,0.00716329052290193,"Upregulated",TRUE,TRUE,FALSE,FALSE,2
"ENSG00000185189","NRBP2",-0.940030889204049,5.57668586481181e-05,"Downregulated",TRUE,TRUE,FALSE,FALSE,2
"ENSG00000049089","COL9A2",-0.939897860523247,0.00230700274722615,"Downregulated",TRUE,TRUE,FALSE,FALSE,2
"ENSG00000059804","SLC2A3",0.93721571703258,0.000104403519987702,"Upregulated",TRUE,TRUE,FALSE,FALSE,2
"ENSG00000233954","UQCRHL",0.936276418082069,0.00232945413487861,"Upregulated",TRUE,TRUE,FALSE,FALSE,2
"ENSG00000112877","CEP72",-0.936262578570278,0.000497380521481649,"Downregulated",TRUE,TRUE,FALSE,FALSE,2
"ENSG00000197208","SLC22A4",0.935238028385436,0.00912905844912288,"Upregulated",TRUE,TRUE,FALSE,FALSE,2
"ENSG00000224531","SMIM13",0.934226146190069,0.000250194096342302,"Upregulated",TRUE,TRUE,FALSE,FALSE,2
"ENSG00000154358","OBSCN",-0.932152547146988,0.000256417628196862,"Downregulated",TRUE,TRUE,FALSE,FALSE,2
"ENSG00000185112","FAM43A",-0.929319709163995,0.00849364301828459,"Downregulated",TRUE,TRUE,FALSE,FALSE,2
"ENSG00000134285","FKBP11",0.924513105115996,0.00183683122873587,"Upregulated",TRUE,TRUE,FALSE,FALSE,2
"ENSG00000099910","KLHL22",-0.919855313748223,5.8423581281413e-07,"Downregulated",TRUE,TRUE,FALSE,FALSE,2
"ENSG00000120458","MSANTD2",-0.918017657383275,0.00147709319425121,"Downregulated",TRUE,TRUE,FALSE,FALSE,2
"ENSG00000115902","SLC1A4",0.916168708331528,0.00217296435282589,"Upregulated",TRUE,TRUE,FALSE,FALSE,2
"ENSG00000172349","IL16",-0.915118927301129,1.74908772941984e-08,"Downregulated",TRUE,TRUE,FALSE,FALSE,2
"ENSG00000119632","IFI27L2",0.913551842000626,2.64470219238653e-05,"Upregulated",TRUE,TRUE,FALSE,FALSE,2
"ENSG00000111602","TIMELESS",0.913328923878892,0.00143077626545658,"Upregulated",TRUE,TRUE,FALSE,FALSE,2
"ENSG00000100307","CBX7",-0.912328095833999,0.00182108758851201,"Downregulated",TRUE,TRUE,FALSE,FALSE,2
"ENSG00000110844","PRPF40B",-0.911353786688472,8.71103674702585e-05,"Downregulated",TRUE,TRUE,FALSE,FALSE,2
"ENSG00000161791","FMNL3",-0.911325322157685,0.000982376037931816,"Downregulated",TRUE,TRUE,FALSE,FALSE,2
"ENSG00000069399","BCL3",0.911294479798308,0.00174959143271306,"Upregulated",TRUE,TRUE,FALSE,FALSE,2
"ENSG00000168056","LTBP3",-0.909400236020399,0.00818842121866653,"Downregulated",TRUE,TRUE,FALSE,FALSE,2
"ENSG00000092036","HAUS4",0.907216067781582,0.00435515612801403,"Upregulated",TRUE,TRUE,FALSE,FALSE,2
"ENSG00000204946","ZNF783",-0.902701067900769,0.000319015682177082,"Downregulated",TRUE,TRUE,FALSE,FALSE,2
"ENSG00000079335","CDC14A",-0.902606017612786,3.13516517780198e-05,"Downregulated",TRUE,TRUE,FALSE,FALSE,2
"ENSG00000044574","HSPA5",0.902169112167898,0.000224975165938963,"Upregulated",TRUE,TRUE,FALSE,FALSE,2
"ENSG00000181045","SLC26A11",-0.902156540458522,0.00995347814107812,"Downregulated",TRUE,TRUE,FALSE,FALSE,2
"ENSG00000196187","TMEM63A",-0.886084410380729,0.000207645963001721,"Downregulated",TRUE,TRUE,FALSE,FALSE,2
"ENSG00000113387","SUB1",0.885440638441474,0.000615448013804494,"Upregulated",TRUE,TRUE,FALSE,FALSE,2
"ENSG00000196150","ZNF250",-0.880988899523146,0.00215518054913337,"Downregulated",TRUE,TRUE,FALSE,FALSE,2
"ENSG00000125844","RRBP1",0.880677033432069,0.000394319150727819,"Upregulated",TRUE,TRUE,FALSE,FALSE,2
"ENSG00000164048","ZNF589",-0.877778740652876,2.92775363882247e-05,"Downregulated",TRUE,TRUE,FALSE,FALSE,2
"ENSG00000103522","IL21R",-0.87279148938832,0.00148648996892893,"Downregulated",TRUE,TRUE,FALSE,FALSE,2
"ENSG00000196923","PDLIM7",0.869966503122183,0.000825866564873255,"Upregulated",TRUE,TRUE,FALSE,FALSE,2
"ENSG00000151692","RNF144A",-0.869828498247863,0.00381955498467805,"Downregulated",TRUE,TRUE,FALSE,FALSE,2
"ENSG00000147457","CHMP7",-0.868108039188419,1.14285753429469e-11,"Downregulated",TRUE,TRUE,FALSE,FALSE,2
"ENSG00000132963","POMP",0.866224213372672,7.40861318596808e-08,"Upregulated",TRUE,TRUE,FALSE,FALSE,2
"ENSG00000116584","ARHGEF2",-0.8649442523917,0.000136298934434948,"Downregulated",TRUE,TRUE,FALSE,FALSE,2
"ENSG00000183696","UPP1",0.864556763294212,0.0056308700127821,"Upregulated",TRUE,TRUE,FALSE,FALSE,2
"ENSG00000120725","SIL1",0.864182385024061,0.00139503373540315,"Upregulated",TRUE,TRUE,FALSE,FALSE,2
"ENSG00000196358","NTNG2",0.863305955607875,0.00234784256825941,"Upregulated",TRUE,TRUE,FALSE,FALSE,2
"ENSG00000132432","SEC61G",0.861387191243388,0.001178856346734,"Upregulated",TRUE,TRUE,FALSE,FALSE,2
"ENSG00000113810","SMC4",0.859088966809871,0.0065725000695734,"Upregulated",TRUE,TRUE,FALSE,FALSE,2
"ENSG00000152475","ZNF837",-0.858689337763586,0.00165650286842577,"Downregulated",TRUE,TRUE,FALSE,FALSE,2
"ENSG00000158691","ZSCAN12",-0.857589158952013,0.000615448013804494,"Downregulated",TRUE,TRUE,FALSE,FALSE,2
"ENSG00000146285","SCML4",-0.857272215966809,0.00456763498061236,"Downregulated",TRUE,TRUE,FALSE,FALSE,2
"ENSG00000101084","RAB5IF",0.8553754530831,4.84644572675268e-08,"Upregulated",TRUE,TRUE,FALSE,FALSE,2
"ENSG00000198954","KIFBP",-0.85357863092483,0.00242603985026698,"Downregulated",TRUE,TRUE,FALSE,FALSE,2
"ENSG00000198482","ZNF808",-0.849285904534155,0.000199096063592789,"Downregulated",TRUE,TRUE,FALSE,FALSE,2
"ENSG00000095321","CRAT",0.843932670406834,0.000179717892889251,"Upregulated",TRUE,TRUE,FALSE,FALSE,2
"ENSG00000198093","ZNF649",-0.842665161906118,0.00534807071784765,"Downregulated",TRUE,TRUE,FALSE,FALSE,2
"ENSG00000152219","ARL14EP",-0.841004455104338,4.24772572709492e-05,"Downregulated",TRUE,TRUE,FALSE,FALSE,2
"ENSG00000100600","LGMN",0.840629523042187,0.00388604510560919,"Upregulated",TRUE,TRUE,FALSE,FALSE,2
"ENSG00000050344","NFE2L3",-0.836976443295057,0.0075835049438966,"Downregulated",TRUE,TRUE,FALSE,FALSE,2
"ENSG00000204569","PPP1R10",-0.836066584136176,0.00054581558987561,"Downregulated",TRUE,TRUE,FALSE,FALSE,2
"ENSG00000185201","IFITM2",0.836017272759816,0.00823222820383124,"Upregulated",TRUE,TRUE,FALSE,FALSE,2
"ENSG00000184164","CRELD2",0.825212650349188,0.00259414993033995,"Upregulated",TRUE,TRUE,FALSE,FALSE,2
"ENSG00000146833","TRIM4",-0.822136187087609,1.54557175895046e-11,"Downregulated",TRUE,TRUE,FALSE,FALSE,2
"ENSG00000182718","ANXA2",0.821482664224162,0.0061525853508824,"Upregulated",TRUE,TRUE,FALSE,FALSE,2
"ENSG00000120705","ETF1",0.820705234719905,1.61075371328418e-05,"Upregulated",TRUE,TRUE,FALSE,FALSE,2
"ENSG00000198176","TFDP1",0.820538885235276,2.22489233012853e-06,"Upregulated",TRUE,TRUE,FALSE,FALSE,2
"ENSG00000138231","DBR1",-0.820517493217694,0.00235610766153962,"Downregulated",TRUE,TRUE,FALSE,FALSE,2
"ENSG00000106868","SUSD1",0.820130268151463,0.00061326012772818,"Upregulated",TRUE,TRUE,FALSE,FALSE,2
"ENSG00000205138","SDHAF1",-0.819598293132266,0.000366859525048193,"Downregulated",TRUE,TRUE,FALSE,FALSE,2
"ENSG00000166228","PCBD1",0.818747325617363,0.0094583639464762,"Upregulated",TRUE,TRUE,FALSE,FALSE,2
"ENSG00000101773","RBBP8",0.818299831941013,2.30549662543275e-05,"Upregulated",TRUE,TRUE,FALSE,FALSE,2
"ENSG00000135469","COQ10A",-0.812177676259543,0.0064681348049879,"Downregulated",TRUE,TRUE,FALSE,FALSE,2
"ENSG00000178977","LINC00324",-0.811879346809733,0.000159832769063517,"Downregulated",TRUE,TRUE,FALSE,FALSE,2
"ENSG00000174669","SLC29A2",-0.809876083231281,0.00390838110021759,"Downregulated",TRUE,TRUE,FALSE,FALSE,2
"ENSG00000124762","CDKN1A",0.807170979806281,0.00887509047400199,"Upregulated",TRUE,TRUE,FALSE,FALSE,2
"ENSG00000076554","TPD52",0.806196611232558,0.00545391532259549,"Upregulated",TRUE,TRUE,FALSE,FALSE,2
"ENSG00000174151","CYB561D1",-0.805453634080721,0.00126296206524923,"Downregulated",TRUE,TRUE,FALSE,FALSE,2
"ENSG00000108829","LRRC59",0.804005998290676,5.12404130164282e-05,"Upregulated",TRUE,TRUE,FALSE,FALSE,2
"ENSG00000122188","LAX1",-0.800369580990479,0.00390073088157402,"Downregulated",TRUE,TRUE,FALSE,FALSE,2
"ENSG00000171045","TSNARE1",-0.799687892376922,0.00890827417082399,"Downregulated",TRUE,TRUE,FALSE,FALSE,2
"ENSG00000165175","MID1IP1",-0.796738528872785,0.00254112264827718,"Downregulated",TRUE,TRUE,FALSE,FALSE,2
"ENSG00000184384","MAML2",-0.796734090604427,1.24675859156863e-05,"Downregulated",TRUE,TRUE,FALSE,FALSE,2
"ENSG00000184831","APOO",0.793636192185991,0.00520970079508945,"Upregulated",TRUE,TRUE,FALSE,FALSE,2
"ENSG00000140379","BCL2A1",0.792032523409054,0.00263513710254993,"Upregulated",TRUE,TRUE,FALSE,FALSE,2
"ENSG00000077684","JADE1",-0.789951662922637,9.60731113754538e-05,"Downregulated",TRUE,TRUE,FALSE,FALSE,2
"ENSG00000186056","MATN1-AS1",-0.789415108336043,0.0023366665352222,"Downregulated",TRUE,TRUE,FALSE,FALSE,2
"ENSG00000135052","GOLM1",0.789128095608437,0.00798588212240766,"Upregulated",TRUE,TRUE,FALSE,FALSE,2
"ENSG00000205268","PDE7A",-0.788876578717154,0.000330272473634652,"Downregulated",TRUE,TRUE,FALSE,FALSE,2
"ENSG00000215068","ANXA2R-AS1",-0.786970981318649,0.00495513515792819,"Downregulated",TRUE,TRUE,FALSE,FALSE,2
"ENSG00000106799","TGFBR1",-0.785863171495342,0.000446271418319477,"Downregulated",TRUE,TRUE,FALSE,FALSE,2
"ENSG00000157978","LDLRAP1",-0.785692670671453,0.0088145705581357,"Downregulated",TRUE,TRUE,FALSE,FALSE,2
"ENSG00000164011","ZNF691",-0.780069155007843,0.00475722381135901,"Downregulated",TRUE,TRUE,FALSE,FALSE,2
"ENSG00000196975","ANXA4",0.779560257000356,5.44215742681925e-05,"Upregulated",TRUE,TRUE,FALSE,FALSE,2
"ENSG00000162139","NEU3",-0.775207045456434,0.00356930510486126,"Downregulated",TRUE,TRUE,FALSE,FALSE,2
"ENSG00000197162","ZNF785",-0.77415392622973,0.00128197345547722,"Downregulated",TRUE,TRUE,FALSE,FALSE,2
"ENSG00000243943","ZNF512",-0.771369520372811,2.16372145620642e-06,"Downregulated",TRUE,TRUE,FALSE,FALSE,2
"ENSG00000146376","ARHGAP18",0.771304251554978,0.000490566481639178,"Upregulated",TRUE,TRUE,FALSE,FALSE,2
"ENSG00000129128","SPCS3",0.770762944374707,0.00203048303057109,"Upregulated",TRUE,TRUE,FALSE,FALSE,2
"ENSG00000180198","RCC1",0.770498492247078,0.000702670756246087,"Upregulated",TRUE,TRUE,FALSE,FALSE,2
"ENSG00000137642","SORL1",-0.77011226034849,0.00157147637920072,"Downregulated",TRUE,TRUE,FALSE,FALSE,2
"ENSG00000114850","SSR3",0.765321054934597,0.00306609351628212,"Upregulated",TRUE,TRUE,FALSE,FALSE,2
"ENSG00000092871","RFFL",-0.759870930917689,7.79722659105768e-08,"Downregulated",TRUE,TRUE,FALSE,FALSE,2
"ENSG00000060558","GNA15",0.758595103268965,0.0029871248367437,"Upregulated",TRUE,TRUE,FALSE,FALSE,2
"ENSG00000083444","PLOD1",0.757926678507906,0.00538913784793738,"Upregulated",TRUE,TRUE,FALSE,FALSE,2
"ENSG00000248049","UBA6-DT",-0.755462852844371,0.000615448013804494,"Downregulated",TRUE,TRUE,FALSE,FALSE,2
"ENSG00000107960","STN1",-0.754398269809438,0.00715861569217286,"Downregulated",TRUE,TRUE,FALSE,FALSE,2
"ENSG00000091490","SEL1L3",0.75432416460716,2.01427279519486e-05,"Upregulated",TRUE,TRUE,FALSE,FALSE,2
"ENSG00000113595","TRIM23",-0.74941589937137,5.39218641717592e-05,"Downregulated",TRUE,TRUE,FALSE,FALSE,2
"ENSG00000154743","TSEN2",-0.747637573663025,0.00531906339563206,"Downregulated",TRUE,TRUE,FALSE,FALSE,2
"ENSG00000097033","SH3GLB1",0.747437675398923,0.00496857565539137,"Upregulated",TRUE,TRUE,FALSE,FALSE,2
"ENSG00000135622","SEMA4F",-0.745752857018017,0.00648361421154306,"Downregulated",TRUE,TRUE,FALSE,FALSE,2
"ENSG00000143641","GALNT2",0.745073479058199,0.00948225173117153,"Upregulated",TRUE,TRUE,FALSE,FALSE,2
"ENSG00000117450","PRDX1",0.743890491720446,0.000107894956660729,"Upregulated",TRUE,TRUE,FALSE,FALSE,2
"ENSG00000168036","CTNNB1",0.741193595429214,0.00953951841645308,"Upregulated",TRUE,TRUE,FALSE,FALSE,2
"ENSG00000151239","TWF1",0.741139267247431,0.00143755472725073,"Upregulated",TRUE,TRUE,FALSE,FALSE,2
"ENSG00000155256","ZFYVE27",-0.74092763562671,4.82972084317487e-06,"Downregulated",TRUE,TRUE,FALSE,FALSE,2
"ENSG00000163702","IL17RC",-0.740109564847723,0.00212418529298495,"Downregulated",TRUE,TRUE,FALSE,FALSE,2
"ENSG00000008869","HEATR5B",-0.739871895131378,0.000409123880780405,"Downregulated",TRUE,TRUE,FALSE,FALSE,2
"ENSG00000167562","ZNF701",-0.739241438021254,0.00553596067755245,"Downregulated",TRUE,TRUE,FALSE,FALSE,2
"ENSG00000136878","USP20",-0.736219440765935,0.000372042952832201,"Downregulated",TRUE,TRUE,FALSE,FALSE,2
"ENSG00000050393","MCUR1",0.735015675293641,0.00386929587597699,"Upregulated",TRUE,TRUE,FALSE,FALSE,2
"ENSG00000169155","ZBTB43",0.734907559926925,0.00453758420106592,"Upregulated",TRUE,TRUE,FALSE,FALSE,2
"ENSG00000176390","CRLF3",-0.733983192667325,0.000110147055544878,"Downregulated",TRUE,TRUE,FALSE,FALSE,2
"ENSG00000107438","PDLIM1",0.73383792395939,0.00543484740674838,"Upregulated",TRUE,TRUE,FALSE,FALSE,2
"ENSG00000145088","EAF2",0.729441904460347,3.96756382877908e-05,"Upregulated",TRUE,TRUE,FALSE,FALSE,2
"ENSG00000104687","GSR",0.728212531247059,0.00226675735721656,"Upregulated",TRUE,TRUE,FALSE,FALSE,2
"ENSG00000126432","PRDX5",0.727472091778288,3.16408051170645e-06,"Upregulated",TRUE,TRUE,FALSE,FALSE,2
"ENSG00000267680","ZNF224",-0.726887168871968,5.8672490361522e-05,"Downregulated",TRUE,TRUE,FALSE,FALSE,2
"ENSG00000188283","ZNF383",-0.726596616494395,0.00749418677162396,"Downregulated",TRUE,TRUE,FALSE,FALSE,2
"ENSG00000243449","NICOL1",0.725566242266624,0.00335427483355351,"Upregulated",TRUE,TRUE,FALSE,FALSE,2
"ENSG00000082512","TRAF5",-0.725438621528721,0.00855977138809166,"Downregulated",TRUE,TRUE,FALSE,FALSE,2
"ENSG00000115998","C2orf42",-0.724905281825261,0.00015235971685019,"Downregulated",TRUE,TRUE,FALSE,FALSE,2
"ENSG00000163219","ARHGAP25",-0.723738934705817,0.000280419024769036,"Downregulated",TRUE,TRUE,FALSE,FALSE,2
"ENSG00000138821","SLC39A8",0.722305589349784,0.00127353482062115,"Upregulated",TRUE,TRUE,FALSE,FALSE,2
"ENSG00000132965","ALOX5AP",0.721069849374084,0.0010002921065468,"Upregulated",TRUE,TRUE,FALSE,FALSE,2
"ENSG00000170260","ZNF212",-0.712815046650698,0.000600640981718251,"Downregulated",TRUE,TRUE,FALSE,FALSE,2
"ENSG00000119013","NDUFB3",0.711410704739157,0.0020522047448062,"Upregulated",TRUE,TRUE,FALSE,FALSE,2
"ENSG00000152443","ZNF776",-0.711135898790084,0.00402935132448264,"Downregulated",TRUE,TRUE,FALSE,FALSE,2
"ENSG00000162777","DENND2D",-0.705458496495115,0.00291626405576687,"Downregulated",TRUE,TRUE,FALSE,FALSE,2
"ENSG00000101856","PGRMC1",0.704066710581609,0.00550201032325919,"Upregulated",TRUE,TRUE,FALSE,FALSE,2
"ENSG00000111875","ASF1A",-0.701481839410838,0.00256990547465562,"Downregulated",TRUE,TRUE,FALSE,FALSE,2
"ENSG00000186532","SMYD4",-0.701391232387866,0.000173882595455178,"Downregulated",TRUE,TRUE,FALSE,FALSE,2
"ENSG00000101194","SLC17A9",0.70108356564826,0.0044240307313919,"Upregulated",TRUE,TRUE,FALSE,FALSE,2
"ENSG00000173530","TNFRSF10D",-0.697401871836442,0.00485877564703514,"Downregulated",TRUE,TRUE,FALSE,FALSE,2
"ENSG00000108953","YWHAE",0.694205249088831,0.000285421302418675,"Upregulated",TRUE,TRUE,FALSE,FALSE,2
"ENSG00000123268","ATF1",-0.692267587125653,0.00505402161069156,"Downregulated",TRUE,TRUE,FALSE,FALSE,2
"ENSG00000166529","ZSCAN21",-0.687038272746899,0.00778507752257738,"Downregulated",TRUE,TRUE,FALSE,FALSE,2
"ENSG00000101138","CSTF1",-0.686291373301665,0.00475722381135901,"Downregulated",TRUE,TRUE,FALSE,FALSE,2
"ENSG00000151729","SLC25A4",0.684793906065619,0.0094583639464762,"Upregulated",TRUE,TRUE,FALSE,FALSE,2
"ENSG00000140332","TLE3",0.684708940483811,0.000837659641183121,"Upregulated",TRUE,TRUE,FALSE,FALSE,2
"ENSG00000103512","NOMO1",0.677675966903898,0.000599987326794052,"Upregulated",TRUE,TRUE,FALSE,FALSE,2
"ENSG00000033170","FUT8",0.67361137680075,0.000271655876599476,"Upregulated",TRUE,TRUE,FALSE,FALSE,2
"ENSG00000125863","MKKS",-0.673353397492616,1.6262852088126e-05,"Downregulated",TRUE,TRUE,FALSE,FALSE,2
"ENSG00000049769","PPP1R3F",-0.673274397058834,0.00660141718041665,"Downregulated",TRUE,TRUE,FALSE,FALSE,2
"ENSG00000158006","PAFAH2",-0.671748359140495,8.38244948471008e-05,"Downregulated",TRUE,TRUE,FALSE,FALSE,2
"ENSG00000122729","ACO1",-0.671423290275819,0.000290351453848951,"Downregulated",TRUE,TRUE,FALSE,FALSE,2
"ENSG00000163516","ANKZF1",-0.668844422860528,0.00477793137175088,"Downregulated",TRUE,TRUE,FALSE,FALSE,2
"ENSG00000183337","BCOR",-0.667609377101923,0.000230881696613405,"Downregulated",TRUE,TRUE,FALSE,FALSE,2
"ENSG00000103121","CMC2",0.665270208208508,0.00158886618613962,"Upregulated",TRUE,TRUE,FALSE,FALSE,2
"ENSG00000176896","TCEANC",-0.66416701894746,0.00619353460140231,"Downregulated",TRUE,TRUE,FALSE,FALSE,2
"ENSG00000187446","CHP1",0.663447122177949,0.00204476367024652,"Upregulated",TRUE,TRUE,FALSE,FALSE,2
"ENSG00000160588","MPZL3",-0.66137054905273,0.00755179469596419,"Downregulated",TRUE,TRUE,FALSE,FALSE,2
"ENSG00000069849","ATP1B3",0.661127281118815,0.00234784256825941,"Upregulated",TRUE,TRUE,FALSE,FALSE,2
"ENSG00000101290","CDS2",0.65967908012507,0.00191519926624099,"Upregulated",TRUE,TRUE,FALSE,FALSE,2
"ENSG00000198856","OSTC",0.658124227157921,0.0052341346615805,"Upregulated",TRUE,TRUE,FALSE,FALSE,2
"ENSG00000134825","TMEM258",0.656002580478646,0.00015860601166105,"Upregulated",TRUE,TRUE,FALSE,FALSE,2
"ENSG00000010803","SCMH1",-0.655943062460001,0.00504777713093793,"Downregulated",TRUE,TRUE,FALSE,FALSE,2
"ENSG00000166971","AKTIP",-0.653331328716572,0.00818842121866653,"Downregulated",TRUE,TRUE,FALSE,FALSE,2
"ENSG00000126001","CEP250",-0.652534800992226,0.000158158992368728,"Downregulated",TRUE,TRUE,FALSE,FALSE,2
"ENSG00000186812","ZNF397",-0.650518136208278,0.00576037523716624,"Downregulated",TRUE,TRUE,FALSE,FALSE,2
"ENSG00000115421","PAPOLG",-0.647991902514222,0.00340571602618798,"Downregulated",TRUE,TRUE,FALSE,FALSE,2
"ENSG00000178252","WDR6",-0.647932804411002,3.86313431662176e-06,"Downregulated",TRUE,TRUE,FALSE,FALSE,2
"ENSG00000064687","ABCA7",-0.646179705364946,0.00156949280582924,"Downregulated",TRUE,TRUE,FALSE,FALSE,2
"ENSG00000104880","ARHGEF18",-0.642841622759611,0.0011895568507752,"Downregulated",TRUE,TRUE,FALSE,FALSE,2
"ENSG00000163545","NUAK2",-0.641331583424608,0.00362421891003323,"Downregulated",TRUE,TRUE,FALSE,FALSE,2
"ENSG00000075239","ACAT1",0.640867545754738,0.00214096484852528,"Upregulated",TRUE,TRUE,FALSE,FALSE,2
"ENSG00000157045","NTAN1",0.640426613518156,0.000691513751773603,"Upregulated",TRUE,TRUE,FALSE,FALSE,2
"ENSG00000163902","RPN1",0.640373552463657,0.000618680875493633,"Upregulated",TRUE,TRUE,FALSE,FALSE,2
"ENSG00000120697","ALG5",0.639697685125769,0.000725235130758467,"Upregulated",TRUE,TRUE,FALSE,FALSE,2
"ENSG00000141458","NPC1",-0.639338892036988,1.24109198603194e-05,"Downregulated",TRUE,TRUE,FALSE,FALSE,2
"ENSG00000118707","TGIF2",-0.638078913098867,0.000273254925865042,"Downregulated",TRUE,TRUE,FALSE,FALSE,2
"ENSG00000131174","COX7B",0.637529827721066,0.00202223674936791,"Upregulated",TRUE,TRUE,FALSE,FALSE,2
"ENSG00000136636","KCTD3",0.636196537360066,0.00607057209338612,"Upregulated",TRUE,TRUE,FALSE,FALSE,2
"ENSG00000106785","TRIM14",0.634352829417558,0.00845954079931008,"Upregulated",TRUE,TRUE,FALSE,FALSE,2
"ENSG00000111775","COX6A1",0.634340467892402,0.00017802544403542,"Upregulated",TRUE,TRUE,FALSE,FALSE,2
"ENSG00000154518","ATP5MC3",0.634294500255303,0.00106509895683675,"Upregulated",TRUE,TRUE,FALSE,FALSE,2
"ENSG00000167460","TPM4",0.633230502954563,0.00402935132448264,"Upregulated",TRUE,TRUE,FALSE,FALSE,2
"ENSG00000093167","LRRFIP2",0.633092574295368,0.000489789626690892,"Upregulated",TRUE,TRUE,FALSE,FALSE,2
"ENSG00000070214","SLC44A1",0.631724720445235,0.00308732418853778,"Upregulated",TRUE,TRUE,FALSE,FALSE,2
"ENSG00000100418","DESI1",0.630081294861938,0.00576660954537011,"Upregulated",TRUE,TRUE,FALSE,FALSE,2
"ENSG00000169756","LIMS1",0.627547454828898,0.00389063167773886,"Upregulated",TRUE,TRUE,FALSE,FALSE,2
"ENSG00000155115","GTF3C6",0.626897620003916,0.0087706994391942,"Upregulated",TRUE,TRUE,FALSE,FALSE,2
"ENSG00000163513","TGFBR2",-0.626263064241347,0.0049942057861298,"Downregulated",TRUE,TRUE,FALSE,FALSE,2
"ENSG00000172273","HINFP",-0.625114245942615,0.000100504117393611,"Downregulated",TRUE,TRUE,FALSE,FALSE,2
"ENSG00000122707","RECK",-0.624528430640504,0.00170736157665723,"Downregulated",TRUE,TRUE,FALSE,FALSE,2
"ENSG00000105438","KDELR1",0.624270804483624,0.00129734574155796,"Upregulated",TRUE,TRUE,FALSE,FALSE,2
"ENSG00000074800","ENO1",0.623861571114427,0.000202659813580626,"Upregulated",TRUE,TRUE,FALSE,FALSE,2
"ENSG00000125995","ROMO1",0.620951896784613,3.97971079063377e-05,"Upregulated",TRUE,TRUE,FALSE,FALSE,2
"ENSG00000126822","PLEKHG3",-0.619623632239861,0.00160150426067239,"Downregulated",TRUE,TRUE,FALSE,FALSE,2
"ENSG00000103245","CIAO3",-0.618058674413917,0.0034999712365278,"Downregulated",TRUE,TRUE,FALSE,FALSE,2
"ENSG00000118922","KLF12",-0.617833704889814,0.00863697308473029,"Downregulated",TRUE,TRUE,FALSE,FALSE,2
"ENSG00000189043","COXFA4",0.617320216576226,0.00798395558988866,"Upregulated",TRUE,TRUE,FALSE,FALSE,2
"ENSG00000113811","SELENOK",0.617253446005663,0.00493268893675359,"Upregulated",TRUE,TRUE,FALSE,FALSE,2
"ENSG00000173914","RBM4B",-0.616715437899186,0.00239564758214147,"Downregulated",TRUE,TRUE,FALSE,FALSE,2
"ENSG00000101367","MAPRE1",0.616335632877514,4.86705271625648e-05,"Upregulated",TRUE,TRUE,FALSE,FALSE,2
"ENSG00000067225","PKM",0.615959264415674,0.00898039068487207,"Upregulated",TRUE,TRUE,FALSE,FALSE,2
"ENSG00000121481","RNF2",-0.615899375731948,0.00423245167647703,"Downregulated",TRUE,TRUE,FALSE,FALSE,2
"ENSG00000118705","RPN2",0.615548299663793,0.000315299687219362,"Upregulated",TRUE,TRUE,FALSE,FALSE,2
"ENSG00000135372","NAT10",-0.613195405624538,0.00154134524853645,"Downregulated",TRUE,TRUE,FALSE,FALSE,2
"ENSG00000121073","SLC35B1",0.613123717030401,0.00175372762727863,"Upregulated",TRUE,TRUE,FALSE,FALSE,2
"ENSG00000139146","SINHCAF",-0.611364425768307,0.0015337400128342,"Downregulated",TRUE,TRUE,FALSE,FALSE,2
"ENSG00000128284","APOL3",-0.610156621664979,0.000433700272996701,"Downregulated",TRUE,TRUE,FALSE,FALSE,2
"ENSG00000213585","VDAC1",0.609691965720429,0.000651422939370475,"Upregulated",TRUE,TRUE,FALSE,FALSE,2
"ENSG00000128309","MPST",0.609563948013617,0.00543904777795684,"Upregulated",TRUE,TRUE,FALSE,FALSE,2
"ENSG00000131368","MRPS25",-0.609542878631204,0.00117344179550472,"Downregulated",TRUE,TRUE,FALSE,FALSE,2
"ENSG00000166167","BTRC",-0.608428479076058,0.00397734164151415,"Downregulated",TRUE,TRUE,FALSE,FALSE,2
"ENSG00000154723","ATP5PF",0.603238497458362,0.00357619449078809,"Upregulated",TRUE,TRUE,FALSE,FALSE,2
"ENSG00000106803","SEC61B",0.601935093216648,0.000613049155349779,"Upregulated",TRUE,TRUE,FALSE,FALSE,2
"ENSG00000109184","DCUN1D4",-0.600331494715276,0.00633193205079737,"Downregulated",TRUE,TRUE,FALSE,FALSE,2
"ENSG00000138069","RAB1A",0.599546221844528,0.00234784256825941,"Upregulated",TRUE,TRUE,FALSE,FALSE,2
"ENSG00000108106","UBE2S",0.599235298691401,0.00712349962569251,"Upregulated",TRUE,TRUE,FALSE,FALSE,2
"ENSG00000198863","RUNDC1",-0.599059565764721,0.00165650286842577,"Downregulated",TRUE,TRUE,FALSE,FALSE,2
"ENSG00000198900","TOP1",0.597774748924068,0.00693643563067495,"Upregulated",TRUE,TRUE,FALSE,FALSE,2
"ENSG00000131127","ZNF141",-0.597621755865645,0.00909605790759551,"Downregulated",TRUE,TRUE,FALSE,FALSE,2
"ENSG00000078140","UBE2K",0.597100245744318,0.00293314435615615,"Upregulated",TRUE,TRUE,FALSE,FALSE,2
"ENSG00000171606","ZNF274",-0.595582572562022,0.0015337400128342,"Downregulated",TRUE,TRUE,FALSE,FALSE,2
"ENSG00000148660","CAMK2G",-0.595575190874846,0.00205859944601801,"Downregulated",TRUE,TRUE,FALSE,FALSE,2
"ENSG00000112695","COX7A2",0.59356983148329,0.000570946490230644,"Upregulated",TRUE,TRUE,FALSE,FALSE,2
"ENSG00000156521","TYSND1",-0.593096999398151,0.00118388754622856,"Downregulated",TRUE,TRUE,FALSE,FALSE,2
"ENSG00000100105","PATZ1",-0.590812250822699,0.00851526431957623,"Downregulated",TRUE,TRUE,FALSE,FALSE,2
"ENSG00000142669","SH3BGRL3",0.590771628395577,1.69211575548784e-05,"Upregulated",TRUE,TRUE,FALSE,FALSE,2
"ENSG00000254986","DPP3",0.590472988664511,0.00256102318389792,"Upregulated",TRUE,TRUE,FALSE,FALSE,2
"ENSG00000090924","PLEKHG2",0.590426612578836,0.00181378196622219,"Upregulated",TRUE,TRUE,FALSE,FALSE,2
"ENSG00000132680","KHDC4",-0.58874188482818,0.00285867865170745,"Downregulated",TRUE,TRUE,FALSE,FALSE,2
"ENSG00000132475","H3-3B",0.587527111444288,0.000541764433901237,"Upregulated",TRUE,TRUE,FALSE,FALSE,2
"ENSG00000125910","S1PR4",-0.586702724794917,0.000299444391654903,"Downregulated",TRUE,TRUE,FALSE,FALSE,2
"ENSG00000189159","JPT1",0.584989043091805,0.000577940586450435,"Upregulated",TRUE,TRUE,FALSE,FALSE,2
"ENSG00000147403","RPL10",-0.584928333596174,0.0035126354962589,"Downregulated",TRUE,TRUE,FALSE,FALSE,2
"ENSG00000000457","SCYL3",-0.583454126372992,0.00301180277742913,"Downregulated",TRUE,TRUE,FALSE,FALSE,2
"ENSG00000157450","RNF111",-0.582787053460742,1.31527147363659e-05,"Downregulated",TRUE,TRUE,FALSE,FALSE,2
"ENSG00000171163","ZNF692",-0.582208644240727,9.50615847577977e-06,"Downregulated",TRUE,TRUE,FALSE,FALSE,2
"ENSG00000143442","POGZ",-0.580467731944483,0.00255233376962564,"Downregulated",TRUE,TRUE,FALSE,FALSE,2
"ENSG00000148841","ITPRIP",0.578815872396451,0.00859029207380342,"Upregulated",TRUE,TRUE,FALSE,FALSE,2
"ENSG00000065615","CYB5R4",0.578302992286054,0.00670964499068186,"Upregulated",TRUE,TRUE,FALSE,FALSE,2
"ENSG00000138835","RGS3",-0.57747455881514,0.00393816670152184,"Downregulated",TRUE,TRUE,FALSE,FALSE,2
"ENSG00000177971","IMP3",-0.576425392098108,0.000755233644977535,"Downregulated",TRUE,TRUE,FALSE,FALSE,2
"ENSG00000169220","RGS14",-0.576256977031773,9.50615847577977e-06,"Downregulated",TRUE,TRUE,FALSE,FALSE,2
"ENSG00000136938","ANP32B",0.575593535990913,0.00590481135965495,"Upregulated",TRUE,TRUE,FALSE,FALSE,2
"ENSG00000105404","RABAC1",0.575499701442108,0.000382443235256673,"Upregulated",TRUE,TRUE,FALSE,FALSE,2
"ENSG00000277791","PSMB3",0.572425318414943,0.000283511287765648,"Upregulated",TRUE,TRUE,FALSE,FALSE,2
"ENSG00000185088","RPS27L",0.571422066434385,0.00250140760040404,"Upregulated",TRUE,TRUE,FALSE,FALSE,2
"ENSG00000185917","SETD4",-0.570142622961771,0.00336524355310257,"Downregulated",TRUE,TRUE,FALSE,FALSE,2
"ENSG00000100764","PSMC1",0.569964357642595,1.69228367151099e-07,"Upregulated",TRUE,TRUE,FALSE,FALSE,2
"ENSG00000133422","MORC2",-0.56720798499676,0.000896452786158758,"Downregulated",TRUE,TRUE,FALSE,FALSE,2
"ENSG00000116221","MRPL37",0.566357651114441,0.00133896600215607,"Upregulated",TRUE,TRUE,FALSE,FALSE,2
"ENSG00000166526","ZNF3",-0.566253353554668,0.00325867505915893,"Downregulated",TRUE,TRUE,FALSE,FALSE,2
"ENSG00000140374","ETFA",0.565945626295998,0.000326370990477762,"Upregulated",TRUE,TRUE,FALSE,FALSE,2
"ENSG00000175662","TOM1L2",-0.565156172376527,0.00302478269604241,"Downregulated",TRUE,TRUE,FALSE,FALSE,2
"ENSG00000182199","SHMT2",0.564409562933472,7.56782133036003e-06,"Upregulated",TRUE,TRUE,FALSE,FALSE,2
"ENSG00000156467","UQCRB",0.564377716744462,0.00839582660683014,"Upregulated",TRUE,TRUE,FALSE,FALSE,2
"ENSG00000126882","FAM78A",-0.563265578990842,0.00217686841189342,"Downregulated",TRUE,TRUE,FALSE,FALSE,2
"ENSG00000105732","ZNF574",-0.562078621141543,0.00370515301973776,"Downregulated",TRUE,TRUE,FALSE,FALSE,2
"ENSG00000143549","TPM3",0.560813708353228,8.80535112408097e-10,"Upregulated",TRUE,TRUE,FALSE,FALSE,2
"ENSG00000153207","AHCTF1",-0.5594051098828,0.00172921897499908,"Downregulated",TRUE,TRUE,FALSE,FALSE,2
"ENSG00000177369","FLJ40194",-0.55934041124325,0.00681384713231471,"Downregulated",TRUE,TRUE,FALSE,FALSE,2
"ENSG00000125356","NDUFA1",0.55868336792263,0.000104613750315545,"Upregulated",TRUE,TRUE,FALSE,FALSE,2
"ENSG00000159111","MRPL10",0.55801551944856,0.00493143579395714,"Upregulated",TRUE,TRUE,FALSE,FALSE,2
"ENSG00000197930","ERO1A",0.556694973657125,0.000613049155349779,"Upregulated",TRUE,TRUE,FALSE,FALSE,2
"ENSG00000162086","ZNF75A",-0.556435347320032,0.00048944670214095,"Downregulated",TRUE,TRUE,FALSE,FALSE,2
"ENSG00000151883","PARP8",-0.554990694425667,0.00655731736483625,"Downregulated",TRUE,TRUE,FALSE,FALSE,2
"ENSG00000146414","SHPRH",-0.554984728456849,0.000207645963001721,"Downregulated",TRUE,TRUE,FALSE,FALSE,2
"ENSG00000169871","TRIM56",-0.554471802855622,0.00511378076358681,"Downregulated",TRUE,TRUE,FALSE,FALSE,2
"ENSG00000109919","MTCH2",0.553243586781706,2.8915207845633e-05,"Upregulated",TRUE,TRUE,FALSE,FALSE,2
"ENSG00000111229","ARPC3",0.552519480786456,0.0057672142406209,"Upregulated",TRUE,TRUE,FALSE,FALSE,2
"ENSG00000086504","MRPL28",0.552025314574793,0.000110119030100694,"Upregulated",TRUE,TRUE,FALSE,FALSE,2
"ENSG00000133059","DSTYK",-0.551519912525045,0.00259703664997824,"Downregulated",TRUE,TRUE,FALSE,FALSE,2
"ENSG00000026025","VIM",0.5509676258422,0.000173093630051152,"Upregulated",TRUE,TRUE,FALSE,FALSE,2
"ENSG00000129355","CDKN2D",0.54965596935966,9.82587961231817e-05,"Upregulated",TRUE,TRUE,FALSE,FALSE,2
"ENSG00000225855","RUSC1-AS1",0.54864213038026,0.000853621885029321,"Upregulated",TRUE,TRUE,FALSE,FALSE,2
"ENSG00000176225","RTTN",-0.548022582983581,0.00755179469596419,"Downregulated",TRUE,TRUE,FALSE,FALSE,2
"ENSG00000184634","MED12",-0.547891394712322,0.000424299965050846,"Downregulated",TRUE,TRUE,FALSE,FALSE,2
"ENSG00000137171","KLC4",-0.544781189262878,0.00347039401964583,"Downregulated",TRUE,TRUE,FALSE,FALSE,2
"ENSG00000110583","NAA40",-0.543353411501635,0.00881773059128364,"Downregulated",TRUE,TRUE,FALSE,FALSE,2
"ENSG00000166557","TMED3",0.542603452790594,0.00254112264827718,"Upregulated",TRUE,TRUE,FALSE,FALSE,2
"ENSG00000116670","MAD2L2",0.54216194403232,0.00140857653328771,"Upregulated",TRUE,TRUE,FALSE,FALSE,2
"ENSG00000130724","CHMP2A",0.540023497682921,0.00279372023205914,"Upregulated",TRUE,TRUE,FALSE,FALSE,2
"ENSG00000030066","NUP160",-0.53968324725763,0.00155286232211266,"Downregulated",TRUE,TRUE,FALSE,FALSE,2
"ENSG00000175324","LSM1",0.535969902083763,0.00876696797287925,"Upregulated",TRUE,TRUE,FALSE,FALSE,2
"ENSG00000169223","LMAN2",0.534712847706096,0.00289105876360736,"Upregulated",TRUE,TRUE,FALSE,FALSE,2
"ENSG00000023318","ERP44",0.533927528232105,0.00993352266753074,"Upregulated",TRUE,TRUE,FALSE,FALSE,2
"ENSG00000147649","MTDH",0.529754417510603,9.77255273431323e-07,"Upregulated",TRUE,TRUE,FALSE,FALSE,2
"ENSG00000128891","CCDC32",0.528906772972274,0.00035599167223747,"Upregulated",TRUE,TRUE,FALSE,FALSE,2
"ENSG00000168701","TMEM208",0.527185816036213,0.00504777713093793,"Upregulated",TRUE,TRUE,FALSE,FALSE,2
"ENSG00000163788","SNRK",-0.526801433297044,0.00555875180711054,"Downregulated",TRUE,TRUE,FALSE,FALSE,2
"ENSG00000105968","H2AZ2",0.526654673784674,0.00500083816509991,"Upregulated",TRUE,TRUE,FALSE,FALSE,2
"ENSG00000113761","ZNF346",-0.525878848622381,0.000988404633610248,"Downregulated",TRUE,TRUE,FALSE,FALSE,2
"ENSG00000072506","HSD17B10",0.52032440076678,0.00691644473628378,"Upregulated",TRUE,TRUE,FALSE,FALSE,2
"ENSG00000106268","NUDT1",0.520233941299038,0.00818842121866653,"Upregulated",TRUE,TRUE,FALSE,FALSE,2
"ENSG00000177879","AP3S1",0.514005560871705,0.00693643563067495,"Upregulated",TRUE,TRUE,FALSE,FALSE,2
"ENSG00000072274","TFRC",0.513926095829597,0.00554055028114306,"Upregulated",TRUE,TRUE,FALSE,FALSE,2
"ENSG00000117118","SDHB",0.513260037192395,0.000890016295927422,"Upregulated",TRUE,TRUE,FALSE,FALSE,2
"ENSG00000198612","COPS8",0.5106105024584,0.00684961486873081,"Upregulated",TRUE,TRUE,FALSE,FALSE,2
"ENSG00000147684","NDUFB9",0.510541533977635,0.000136298934434948,"Upregulated",TRUE,TRUE,FALSE,FALSE,2
"ENSG00000172500","FIBP",0.509851155045973,0.00644621156524245,"Upregulated",TRUE,TRUE,FALSE,FALSE,2
"ENSG00000244038","DDOST",0.508682096435478,0.00580518685345372,"Upregulated",TRUE,TRUE,FALSE,FALSE,2
"ENSG00000160752","FDPS",0.506278162976738,0.000567073188770696,"Upregulated",TRUE,TRUE,FALSE,FALSE,2
"ENSG00000099341","PSMD8",0.504377787536671,7.41404014540988e-05,"Upregulated",TRUE,TRUE,FALSE,FALSE,2
"ENSG00000143970","ASXL2",-0.500871611720999,0.00175372762727863,"Downregulated",TRUE,TRUE,FALSE,FALSE,2
"ENSG00000124562","SNRPC",0.50071155461153,2.95127734362488e-05,"Upregulated",TRUE,TRUE,FALSE,FALSE,2
"ENSG00000099795","NDUFB7",0.500621730677508,0.00497782912775963,"Upregulated",TRUE,TRUE,FALSE,FALSE,2
"ENSG00000170234","PWWP2A",-0.498769885454063,0.00152046195674784,"Downregulated",TRUE,TRUE,FALSE,FALSE,2
"ENSG00000163344","PMVK",0.496098907583772,0.000341916811777331,"Upregulated",TRUE,TRUE,FALSE,FALSE,2
"ENSG00000065413","ANKRD44",-0.494338333234483,4.50031023456667e-05,"Downregulated",TRUE,TRUE,FALSE,FALSE,2
"ENSG00000129347","KRI1",-0.49217353787552,6.05051023206147e-06,"Downregulated",TRUE,TRUE,FALSE,FALSE,2
"ENSG00000078618","NRDC",0.4911036437436,0.00832066227960822,"Upregulated",TRUE,TRUE,FALSE,FALSE,2
"ENSG00000125835","SNRPB",0.490366016892523,0.00302573072413518,"Upregulated",TRUE,TRUE,FALSE,FALSE,2
"ENSG00000163041","H3-3A",0.487081176154396,0.00453755653728647,"Upregulated",TRUE,TRUE,FALSE,FALSE,2
"ENSG00000156411","ATP5MJ",0.48624096997531,0.00402935132448264,"Upregulated",TRUE,TRUE,FALSE,FALSE,2
"ENSG00000009790","TRAF3IP3",-0.484455276393823,0.00170498772305937,"Downregulated",TRUE,TRUE,FALSE,FALSE,2
"ENSG00000131871","SELENOS",0.483417966202663,0.00485245329072927,"Upregulated",TRUE,TRUE,FALSE,FALSE,2
"ENSG00000101844","ATG4A",0.483107288259888,0.0094396702690263,"Upregulated",TRUE,TRUE,FALSE,FALSE,2
"ENSG00000128272","ATF4",0.481044092427374,0.00610986480763732,"Upregulated",TRUE,TRUE,FALSE,FALSE,2
"ENSG00000141759","TXNL4A",0.479266393406471,8.02165636076457e-05,"Upregulated",TRUE,TRUE,FALSE,FALSE,2
"ENSG00000171222","SCAND1",0.475513298963628,0.00759837595157825,"Upregulated",TRUE,TRUE,FALSE,FALSE,2
"ENSG00000224870","MRPL20-AS1",-0.474121659702469,0.000133343466467215,"Downregulated",TRUE,TRUE,FALSE,FALSE,2
"ENSG00000149187","CELF1",-0.471393929715381,0.00246407192978698,"Downregulated",TRUE,TRUE,FALSE,FALSE,2
"ENSG00000101294","HM13",0.471355181218611,0.00756599716690362,"Upregulated",TRUE,TRUE,FALSE,FALSE,2
"ENSG00000101452","DHX35",-0.470759692352627,0.00678123005480403,"Downregulated",TRUE,TRUE,FALSE,FALSE,2
"ENSG00000142227","EMP3",0.466568203588876,0.000603452509201362,"Upregulated",TRUE,TRUE,FALSE,FALSE,2
"ENSG00000171608","PIK3CD",-0.465211426201598,0.00162041910168727,"Downregulated",TRUE,TRUE,FALSE,FALSE,2
"ENSG00000172757","CFL1",0.464422262158921,0.000295344042805281,"Upregulated",TRUE,TRUE,FALSE,FALSE,2
"ENSG00000135776","ABCB10",0.461950766087946,2.98201655156246e-05,"Upregulated",TRUE,TRUE,FALSE,FALSE,2
"ENSG00000162980","ARL5A",0.461826476060418,0.00548702620696337,"Upregulated",TRUE,TRUE,FALSE,FALSE,2
"ENSG00000187764","SEMA4D",-0.461394272551385,0.0021912013829089,"Downregulated",TRUE,TRUE,FALSE,FALSE,2
"ENSG00000214022","REPIN1",-0.46103176926248,1.24675859156863e-05,"Downregulated",TRUE,TRUE,FALSE,FALSE,2
"ENSG00000132275","RRP8",-0.458830008443145,0.00488403295979509,"Downregulated",TRUE,TRUE,FALSE,FALSE,2
"ENSG00000003756","RBM5",-0.457583746315899,0.000340098980606619,"Downregulated",TRUE,TRUE,FALSE,FALSE,2
"ENSG00000159176","CSRP1",0.456955183439597,2.16057431536906e-05,"Upregulated",TRUE,TRUE,FALSE,FALSE,2
"ENSG00000158710","TAGLN2",0.455118045223427,8.01168050820201e-05,"Upregulated",TRUE,TRUE,FALSE,FALSE,2
"ENSG00000141510","TP53",-0.452377240518625,0.00901754842685506,"Downregulated",TRUE,TRUE,FALSE,FALSE,2
"ENSG00000139636","LMBR1L",-0.452191148885932,0.000169960059637049,"Downregulated",TRUE,TRUE,FALSE,FALSE,2
"ENSG00000148484","RSU1",0.450788146737422,0.0060374849874441,"Upregulated",TRUE,TRUE,FALSE,FALSE,2
"ENSG00000175602","CCDC85B",0.449076729659774,0.00565701417013628,"Upregulated",TRUE,TRUE,FALSE,FALSE,2
"ENSG00000065970","FOXJ2",-0.448451253318416,0.00929871486295055,"Downregulated",TRUE,TRUE,FALSE,FALSE,2
"ENSG00000136930","PSMB7",0.448034526057137,0.000913627625849198,"Upregulated",TRUE,TRUE,FALSE,FALSE,2
"ENSG00000075142","SRI",0.447544077768389,0.000291440942262713,"Upregulated",TRUE,TRUE,FALSE,FALSE,2
"ENSG00000116288","PARK7",0.444837131224156,0.000615448013804494,"Upregulated",TRUE,TRUE,FALSE,FALSE,2
"ENSG00000186222","BLOC1S4",-0.441451284315092,0.000758111575314582,"Downregulated",TRUE,TRUE,FALSE,FALSE,2
"ENSG00000154767","XPC",-0.440240407590247,0.00343566854370397,"Downregulated",TRUE,TRUE,FALSE,FALSE,2
"ENSG00000157020","SEC13",0.44007987174493,0.00485245329072927,"Upregulated",TRUE,TRUE,FALSE,FALSE,2
"ENSG00000167785","ZNF558",-0.439646860923087,0.0067653284078909,"Downregulated",TRUE,TRUE,FALSE,FALSE,2
"ENSG00000099940","SNAP29",0.438893321509839,0.00181184972642192,"Upregulated",TRUE,TRUE,FALSE,FALSE,2
"ENSG00000101191","DIDO1",-0.431210098532385,0.00818842121866653,"Downregulated",TRUE,TRUE,FALSE,FALSE,2
"ENSG00000196544","BORCS6",-0.430506081184656,0.00500083816509991,"Downregulated",TRUE,TRUE,FALSE,FALSE,2
"ENSG00000147687","TATDN1",0.428202638038726,0.00803082056028293,"Upregulated",TRUE,TRUE,FALSE,FALSE,2
"ENSG00000173692","PSMD1",0.426455579980631,0.00301180277742913,"Upregulated",TRUE,TRUE,FALSE,FALSE,2
"ENSG00000085872","CHERP",-0.426074754309493,0.00649373866083719,"Downregulated",TRUE,TRUE,FALSE,FALSE,2
"ENSG00000106144","CASP2",-0.416907134950574,0.0038756518768046,"Downregulated",TRUE,TRUE,FALSE,FALSE,2
"ENSG00000168958","MFF",0.415183706991051,0.00972194292007211,"Upregulated",TRUE,TRUE,FALSE,FALSE,2
"ENSG00000113068","PFDN1",0.414671323735051,0.00117344179550472,"Upregulated",TRUE,TRUE,FALSE,FALSE,2
"ENSG00000106245","BUD31",0.414343666724197,0.000182973607631797,"Upregulated",TRUE,TRUE,FALSE,FALSE,2
"ENSG00000177082","WDR73",-0.413972957326609,0.00563467615651867,"Downregulated",TRUE,TRUE,FALSE,FALSE,2
"ENSG00000143258","USP21",-0.413935523797285,0.00993352266753074,"Downregulated",TRUE,TRUE,FALSE,FALSE,2
"ENSG00000105755","ETHE1",0.41314946850537,0.00493871664882162,"Upregulated",TRUE,TRUE,FALSE,FALSE,2
"ENSG00000128563","PRKRIP1",-0.407921912503856,0.00362421891003323,"Downregulated",TRUE,TRUE,FALSE,FALSE,2
"ENSG00000168137","SETD5",-0.407285010907578,0.00125748714889512,"Downregulated",TRUE,TRUE,FALSE,FALSE,2
"ENSG00000125037","EMC3",0.406640664658332,0.000526627098624379,"Upregulated",TRUE,TRUE,FALSE,FALSE,2
"ENSG00000168175","MAPK1IP1L",0.405159177047701,0.00818842121866653,"Upregulated",TRUE,TRUE,FALSE,FALSE,2
"ENSG00000047056","WDR37",-0.404388887767995,0.00838324098100773,"Downregulated",TRUE,TRUE,FALSE,FALSE,2
"ENSG00000109332","UBE2D3",0.404235844067452,0.00205466572910997,"Upregulated",TRUE,TRUE,FALSE,FALSE,2
"ENSG00000166783","MARF1",-0.400760010474795,0.00928748951077239,"Downregulated",TRUE,TRUE,FALSE,FALSE,2
"ENSG00000187741","FANCA",-0.40062015591367,0.00298860768482081,"Downregulated",TRUE,TRUE,FALSE,FALSE,2
"ENSG00000163812","ZDHHC3",0.399078957275101,0.00972131126749889,"Upregulated",TRUE,TRUE,FALSE,FALSE,2
"ENSG00000175756","AURKAIP1",0.395748009267308,0.00235610766153962,"Upregulated",TRUE,TRUE,FALSE,FALSE,2
"ENSG00000011275","RNF216",-0.394313481546031,0.00121355337284181,"Downregulated",TRUE,TRUE,FALSE,FALSE,2
"ENSG00000186283","TOR3A",0.385782427612373,0.00633193205079737,"Upregulated",TRUE,TRUE,FALSE,FALSE,2
"ENSG00000103035","PSMD7",0.379511140550196,0.00420274416946075,"Upregulated",TRUE,TRUE,FALSE,FALSE,2
"ENSG00000100142","POLR2F",0.371206539764041,0.00749332658850619,"Upregulated",TRUE,TRUE,FALSE,FALSE,2
"ENSG00000204209","DAXX",-0.361688459966483,0.00493268893675359,"Downregulated",TRUE,TRUE,FALSE,FALSE,2
"ENSG00000151465","CDC123",0.359582790565367,0.00330762208621522,"Upregulated",TRUE,TRUE,FALSE,FALSE,2
"ENSG00000171148","TADA3",0.359028752339653,0.000760773640775394,"Upregulated",TRUE,TRUE,FALSE,FALSE,2
"ENSG00000182544","SLC61A1",0.35380620837497,0.0078731760622246,"Upregulated",TRUE,TRUE,FALSE,FALSE,2
"ENSG00000063978","RNF4",-0.347565604787452,0.00289104648906804,"Downregulated",TRUE,TRUE,FALSE,FALSE,2
"ENSG00000163466","ARPC2",0.343171318068496,0.00385296654429637,"Upregulated",TRUE,TRUE,FALSE,FALSE,2
"ENSG00000137275","RIPK1",-0.34183974398626,0.00574392959589197,"Downregulated",TRUE,TRUE,FALSE,FALSE,2
"ENSG00000125970","RALY",0.339606669144938,0.00718589417729561,"Upregulated",TRUE,TRUE,FALSE,FALSE,2
"ENSG00000092010","PSME1",0.336684327359336,0.0052341346615805,"Upregulated",TRUE,TRUE,FALSE,FALSE,2
"ENSG00000078369","GNB1",0.325476372029803,0.00393429357508564,"Upregulated",TRUE,TRUE,FALSE,FALSE,2
"ENSG00000204371","EHMT2",-0.323430536187826,0.00504572708485458,"Downregulated",TRUE,TRUE,FALSE,FALSE,2
"ENSG00000072786","STK10",-0.319172263165735,0.00615685862156304,"Downregulated",TRUE,TRUE,FALSE,FALSE,2
"ENSG00000105700","KXD1",0.314379876310789,0.00991375604134055,"Upregulated",TRUE,TRUE,FALSE,FALSE,2
"ENSG00000111786","SRSF9",0.270558391890507,0.00553596067755245,"Upregulated",TRUE,TRUE,FALSE,FALSE,2
"ENSG00000160271","RALGDS",NA,NA,"Not a DEG",FALSE,TRUE,FALSE,TRUE,2
"ENSG00000123453","SARDH",NA,NA,"Not a DEG",FALSE,TRUE,FALSE,TRUE,2
"ENSG00000173578","XCR1",NA,NA,"Not a DEG",FALSE,TRUE,FALSE,TRUE,2
"ENSG00000144791","LIMD1",NA,NA,"Not a DEG",FALSE,TRUE,FALSE,TRUE,2
"ENSG00000160323","ADAMTS13",NA,NA,"Not a DEG",FALSE,TRUE,FALSE,TRUE,2
"ENSG00000183625","CCR3",NA,NA,"Not a DEG",FALSE,TRUE,FALSE,TRUE,2
"ENSG00000165699","TSC1",NA,NA,"Not a DEG",FALSE,TRUE,FALSE,TRUE,2
"ENSG00000163823","CCR1",NA,NA,"Not a DEG",FALSE,TRUE,FALSE,TRUE,2
"ENSG00000148288","GBGT1",NA,NA,"Not a DEG",FALSE,TRUE,FALSE,TRUE,2
"ENSG00000163820","FYCO1",NA,NA,"Not a DEG",FALSE,TRUE,FALSE,TRUE,2
"ENSG00000165702","GFI1B",NA,NA,"Not a DEG",FALSE,TRUE,FALSE,TRUE,2
"ENSG00000165695","AK8",NA,NA,"Not a DEG",FALSE,TRUE,FALSE,TRUE,2
"ENSG00000160791","CCR5",NA,NA,"Not a DEG",FALSE,TRUE,FALSE,TRUE,2
"ENSG00000171102","OBP2B",NA,NA,"Not a DEG",FALSE,TRUE,FALSE,TRUE,2
"ENSG00000163817","SLC6A20",NA,NA,"Not a DEG",FALSE,TRUE,FALSE,TRUE,2
"ENSG00000148303","RPL7A",NA,NA,"Not a DEG",FALSE,TRUE,FALSE,TRUE,2
"ENSG00000196990","FAM163B",NA,NA,"Not a DEG",FALSE,TRUE,FALSE,TRUE,2
"ENSG00000172183","ISG20",NA,NA,"Not a DEG",FALSE,TRUE,TRUE,FALSE,2
"ENSG00000198870","STKLD1",NA,NA,"Not a DEG",FALSE,TRUE,FALSE,TRUE,2
"ENSG00000197859","ADAMTSL2",NA,NA,"Not a DEG",FALSE,TRUE,FALSE,TRUE,2
"ENSG00000011376","LARS2",NA,NA,"Not a DEG",FALSE,TRUE,FALSE,TRUE,2
"ENSG00000160325","CACFD1",NA,NA,"Not a DEG",FALSE,TRUE,FALSE,TRUE,2
"ENSG00000160326","SLC2A6",NA,NA,"Not a DEG",FALSE,TRUE,FALSE,TRUE,2
"ENSG00000148308","GTF3C5",NA,NA,"Not a DEG",FALSE,TRUE,FALSE,TRUE,2
