"ENSEMBL","SYMBOL","SNP","SNP_P","CHR","BP"
"ENSG00000173578","XCR1","chr3:45834967:G:GA",1.149e-10,3,45830000
"ENSG00000144791","LIMD1","chr3:45834967:G:GA",1.149e-10,3,45830000
"ENSG00000183625","CCR3","chr3:45834967:G:GA",1.149e-10,3,45830000
"ENSG00000163823","CCR1","chr3:45834967:G:GA",1.149e-10,3,45830000
"ENSG00000163820","FYCO1","chr3:45834967:G:GA",1.149e-10,3,45830000
"ENSG00000163817","SLC6A20","chr3:45834967:G:GA",1.149e-10,3,45830000
"ENSG00000011376","LARS2","chr3:45834967:G:GA",1.149e-10,3,45830000
"ENSG00000160791","CCR5","chr3:45867022:C:G",2.595e-10,3,45870000
"ENSG00000160271","RALGDS","chr9:133263862:A:C",4.951e-08,9,133300000
"ENSG00000123453","SARDH","chr9:133263862:A:C",4.951e-08,9,133300000
"ENSG00000160323","ADAMTS13","chr9:133263862:A:C",4.951e-08,9,133300000
"ENSG00000165699","TSC1","chr9:133263862:A:C",4.951e-08,9,133300000
"ENSG00000148288","GBGT1","chr9:133263862:A:C",4.951e-08,9,133300000
"ENSG00000165702","GFI1B","chr9:133263862:A:C",4.951e-08,9,133300000
"ENSG00000165695","AK8","chr9:133263862:A:C",4.951e-08,9,133300000
"ENSG00000171102","OBP2B","chr9:133263862:A:C",4.951e-08,9,133300000
"ENSG00000148303","RPL7A","chr9:133263862:A:C",4.951e-08,9,133300000
"ENSG00000148297","MED22","chr9:133263862:A:C",4.951e-08,9,133300000
"ENSG00000196990","FAM163B","chr9:133263862:A:C",4.951e-08,9,133300000
"ENSG00000198870","STKLD1","chr9:133263862:A:C",4.951e-08,9,133300000
"ENSG00000197859","ADAMTSL2","chr9:133263862:A:C",4.951e-08,9,133300000
"ENSG00000160325","CACFD1","chr9:133263862:A:C",4.951e-08,9,133300000
"ENSG00000160326","SLC2A6","chr9:133263862:A:C",4.951e-08,9,133300000
"ENSG00000148308","GTF3C5","chr9:133263862:A:C",4.951e-08,9,133300000
"ENSG00000148296","SURF6","chr9:133263862:A:C",4.951e-08,9,133300000
