CHR,BP,SNP,EA,NEA,BETA,SE,P,NEGLOG10P
3,45830000,chr3:45834967:G:GA,G,GA,-0.5727,0.0888,1.149e-10,9.94
3,45850000,chr3:45848457:C:T,T,C,0.5764,0.0905,1.915e-10,9.718
3,45840000,chr3:45838989:T:C,T,C,-0.575,0.0907,2.308e-10,9.637
3,45850000,chr3:45848429:A:T,A,T,-0.5735,0.0906,2.488e-10,9.604
3,45870000,chr3:45867022:C:G,C,G,-0.5721,0.0905,2.595e-10,9.586
3,45830000,chr3:45830416:G:A,A,G,0.5702,0.0902,2.615e-10,9.583
3,45820000,chr3:45823240:T:C,T,C,-0.5688,0.0901,2.784e-10,9.555
3,45820000,chr3:45821460:T:C,T,C,-0.5684,0.0902,2.937e-10,9.532
3,45860000,chr3:45859597:C:T,T,C,0.5654,0.0897,2.942e-10,9.531
3,45820000,chr3:45820440:G:A,A,G,0.5683,0.0902,2.963e-10,9.528
3,45850000,chr3:45847198:A:G,A,G,-0.5699,0.0906,3.135e-10,9.504
3,45830000,chr3:45825948:A:G,A,G,-0.5663,0.0902,3.365e-10,9.473
3,45860000,chr3:45858159:A:G,A,G,-0.5627,0.0897,3.455e-10,9.462
3,45820000,chr3:45818159:G:A,A,G,0.5647,0.0901,3.742e-10,9.427
3,45870000,chr3:45866624:A:T,A,T,-0.5657,0.0903,3.781e-10,9.422
3,45870000,chr3:45867532:A:G,A,G,-0.5591,0.0898,4.806e-10,9.318
3,45860000,chr3:45859142:G:C,C,G,0.5982,0.0969,6.758e-10,9.17
3,45800000,chr3:45801947:G:T,T,G,0.559,0.0908,7.445e-10,9.128
3,45800000,chr3:45801823:C:T,T,C,0.5553,0.0907,9.116e-10,9.04
3,45810000,chr3:45807268:G:C,C,G,0.5512,0.0904,1.08e-09,8.967
3,45800000,chr3:45801750:G:A,A,G,0.5489,0.0901,1.11e-09,8.955
3,45810000,chr3:45805277:A:G,A,G,-0.5435,0.0894,1.194e-09,8.923
3,45800000,chr3:45802706:A:C,A,C,-0.5449,0.09,1.437e-09,8.843
3,45870000,chr3:45868152:C:A,A,C,0.5426,0.0902,1.759e-09,8.755
3,45870000,chr3:45868036:C:T,T,C,0.5315,0.0889,2.268e-09,8.644
3,45810000,chr3:45809291:T:A,A,T,0.4762,0.0842,1.546e-08,7.811
3,45800000,chr3:45800446:C:T,T,C,0.4897,0.0869,1.733e-08,7.761
9,133300000,chr9:133263862:A:C,A,C,0.2814,0.0516,4.951e-08,7.305
